image,image_path,xmin,ymin,xmax,ymax,label,confidence,x_size,y_size
Fire27_frame1573_11.jpg,/Users/xiao/Documents/EarlyFireDetectionRedo/TrainYourOwnYOLO/Data/Source_Images/TestUE400/image_slices_20_20/Fire27_frame1573_11.jpg,1580,367,1746,478,0,0.2517448,1920,1080
Fire190_frame9397_1.jpg,/Users/xiao/Documents/EarlyFireDetectionRedo/TrainYourOwnYOLO/Data/Source_Images/TestUE400/image_slices_20_20/Fire190_frame9397_1.jpg,582,123,818,428,0,0.43468663,1920,1080
Fire190_frame9397_1.jpg,/Users/xiao/Documents/EarlyFireDetectionRedo/TrainYourOwnYOLO/Data/Source_Images/TestUE400/image_slices_20_20/Fire190_frame9397_1.jpg,572,196,820,334,0,0.81226236,1920,1080
Fire335_frame16357_11.jpg,/Users/xiao/Documents/EarlyFireDetectionRedo/TrainYourOwnYOLO/Data/Source_Images/TestUE400/image_slices_20_20/Fire335_frame16357_11.jpg,254,268,493,762,0,0.8868109,1920,1080
Fire109_frame5509_1.jpg,/Users/xiao/Documents/EarlyFireDetectionRedo/TrainYourOwnYOLO/Data/Source_Images/TestUE400/image_slices_20_20/Fire109_frame5509_1.jpg,883,215,1126,323,0,0.2510097,1920,1080
Fire197_frame9733_11.jpg,/Users/xiao/Documents/EarlyFireDetectionRedo/TrainYourOwnYOLO/Data/Source_Images/TestUE400/image_slices_20_20/Fire197_frame9733_11.jpg,1262,704,1790,874,0,0.55387235,1920,1080
Fire153_frame7621_11.jpg,/Users/xiao/Documents/EarlyFireDetectionRedo/TrainYourOwnYOLO/Data/Source_Images/TestUE400/image_slices_20_20/Fire153_frame7621_11.jpg,1298,603,1736,689,0,0.7894645,1920,1080
Fire235_frame11557_11.jpg,/Users/xiao/Documents/EarlyFireDetectionRedo/TrainYourOwnYOLO/Data/Source_Images/TestUE400/image_slices_20_20/Fire235_frame11557_11.jpg,846,652,1292,787,0,0.8813363,1920,1080
Fire247_frame12133_11.jpg,/Users/xiao/Documents/EarlyFireDetectionRedo/TrainYourOwnYOLO/Data/Source_Images/TestUE400/image_slices_20_20/Fire247_frame12133_11.jpg,852,398,1088,508,0,0.5424601,1920,1080
Fire210_frame10357_8.jpg,/Users/xiao/Documents/EarlyFireDetectionRedo/TrainYourOwnYOLO/Data/Source_Images/TestUE400/image_slices_20_20/Fire210_frame10357_8.jpg,0,0,895,436,0,0.37181106,1920,1080
Fire253_frame12421_11.jpg,/Users/xiao/Documents/EarlyFireDetectionRedo/TrainYourOwnYOLO/Data/Source_Images/TestUE400/image_slices_20_20/Fire253_frame12421_11.jpg,815,375,1146,608,0,0.8445405,1920,1080
Fire234_frame11509_1.jpg,/Users/xiao/Documents/EarlyFireDetectionRedo/TrainYourOwnYOLO/Data/Source_Images/TestUE400/image_slices_20_20/Fire234_frame11509_1.jpg,138,340,523,719,0,0.7532732,1920,1080
Fire257_frame12613_1.jpg,/Users/xiao/Documents/EarlyFireDetectionRedo/TrainYourOwnYOLO/Data/Source_Images/TestUE400/image_slices_20_20/Fire257_frame12613_1.jpg,0,485,236,834,0,0.584609,1920,1080
Fire236_frame11605_4.jpg,/Users/xiao/Documents/EarlyFireDetectionRedo/TrainYourOwnYOLO/Data/Source_Images/TestUE400/image_slices_20_20/Fire236_frame11605_4.jpg,0,77,1280,1075,0,0.8457466,1920,1080
Fire229_frame11269_11.jpg,/Users/xiao/Documents/EarlyFireDetectionRedo/TrainYourOwnYOLO/Data/Source_Images/TestUE400/image_slices_20_20/Fire229_frame11269_11.jpg,918,440,1168,587,0,0.46821776,1920,1080
Fire216_frame10645_1.jpg,/Users/xiao/Documents/EarlyFireDetectionRedo/TrainYourOwnYOLO/Data/Source_Images/TestUE400/image_slices_20_20/Fire216_frame10645_1.jpg,194,411,500,866,0,0.60743934,1920,1080
Fire169_frame8389_1.jpg,/Users/xiao/Documents/EarlyFireDetectionRedo/TrainYourOwnYOLO/Data/Source_Images/TestUE400/image_slices_20_20/Fire169_frame8389_1.jpg,652,77,902,318,0,0.58165103,1920,1080
Fire215_frame10597_1.jpg,/Users/xiao/Documents/EarlyFireDetectionRedo/TrainYourOwnYOLO/Data/Source_Images/TestUE400/image_slices_20_20/Fire215_frame10597_1.jpg,205,381,546,889,0,0.7733162,1920,1080
Fire196_frame9685_4.jpg,/Users/xiao/Documents/EarlyFireDetectionRedo/TrainYourOwnYOLO/Data/Source_Images/TestUE400/image_slices_20_20/Fire196_frame9685_4.jpg,756,0,1818,1072,0,0.47742882,1920,1080
Fire300_frame14677_11.jpg,/Users/xiao/Documents/EarlyFireDetectionRedo/TrainYourOwnYOLO/Data/Source_Images/TestUE400/image_slices_20_20/Fire300_frame14677_11.jpg,172,600,348,1061,0,0.8772945,1920,1080
Fire87_frame4453_11.jpg,/Users/xiao/Documents/EarlyFireDetectionRedo/TrainYourOwnYOLO/Data/Source_Images/TestUE400/image_slices_20_20/Fire87_frame4453_11.jpg,1429,391,1590,484,0,0.2567675,1920,1080
Fire157_frame7813_4.jpg,/Users/xiao/Documents/EarlyFireDetectionRedo/TrainYourOwnYOLO/Data/Source_Images/TestUE400/image_slices_20_20/Fire157_frame7813_4.jpg,1532,0,1916,864,0,0.41148132,1920,1080
Fire134_frame6709_8.jpg,/Users/xiao/Documents/EarlyFireDetectionRedo/TrainYourOwnYOLO/Data/Source_Images/TestUE400/image_slices_20_20/Fire134_frame6709_8.jpg,1410,130,1703,601,0,0.32629684,1920,1080
Fire214_frame10549_4.jpg,/Users/xiao/Documents/EarlyFireDetectionRedo/TrainYourOwnYOLO/Data/Source_Images/TestUE400/image_slices_20_20/Fire214_frame10549_4.jpg,442,0,1489,882,0,0.95460904,1920,1080
Fire190_frame9397_11.jpg,/Users/xiao/Documents/EarlyFireDetectionRedo/TrainYourOwnYOLO/Data/Source_Images/TestUE400/image_slices_20_20/Fire190_frame9397_11.jpg,1082,403,1327,567,0,0.6204574,1920,1080
Fire110_frame5557_11.jpg,/Users/xiao/Documents/EarlyFireDetectionRedo/TrainYourOwnYOLO/Data/Source_Images/TestUE400/image_slices_20_20/Fire110_frame5557_11.jpg,1399,456,1666,562,0,0.6035933,1920,1080
Fire316_frame15445_11.jpg,/Users/xiao/Documents/EarlyFireDetectionRedo/TrainYourOwnYOLO/Data/Source_Images/TestUE400/image_slices_20_20/Fire316_frame15445_11.jpg,279,427,567,906,0,0.5528257,1920,1080
Fire89_frame4549_11.jpg,/Users/xiao/Documents/EarlyFireDetectionRedo/TrainYourOwnYOLO/Data/Source_Images/TestUE400/image_slices_20_20/Fire89_frame4549_11.jpg,1463,462,1682,567,0,0.5803075,1920,1080
Fire251_frame12325_8.jpg,/Users/xiao/Documents/EarlyFireDetectionRedo/TrainYourOwnYOLO/Data/Source_Images/TestUE400/image_slices_20_20/Fire251_frame12325_8.jpg,0,0,206,588,0,0.46649653,1920,1080
Fire154_frame7669_1.jpg,/Users/xiao/Documents/EarlyFireDetectionRedo/TrainYourOwnYOLO/Data/Source_Images/TestUE400/image_slices_20_20/Fire154_frame7669_1.jpg,520,321,1031,501,0,0.3953884,1920,1080
Fire279_frame13669_11.jpg,/Users/xiao/Documents/EarlyFireDetectionRedo/TrainYourOwnYOLO/Data/Source_Images/TestUE400/image_slices_20_20/Fire279_frame13669_11.jpg,156,652,928,1006,0,0.7673365,1920,1080
Fire151_frame7525_4.jpg,/Users/xiao/Documents/EarlyFireDetectionRedo/TrainYourOwnYOLO/Data/Source_Images/TestUE400/image_slices_20_20/Fire151_frame7525_4.jpg,1499,0,1827,538,0,0.7321856,1920,1080
Fire236_frame11605_11.jpg,/Users/xiao/Documents/EarlyFireDetectionRedo/TrainYourOwnYOLO/Data/Source_Images/TestUE400/image_slices_20_20/Fire236_frame11605_11.jpg,1071,506,1251,930,0,0.74800724,1920,1080
Fire179_frame8869_1.jpg,/Users/xiao/Documents/EarlyFireDetectionRedo/TrainYourOwnYOLO/Data/Source_Images/TestUE400/image_slices_20_20/Fire179_frame8869_1.jpg,59,427,650,944,0,0.6302057,1920,1080
Fire252_frame12373_8.jpg,/Users/xiao/Documents/EarlyFireDetectionRedo/TrainYourOwnYOLO/Data/Source_Images/TestUE400/image_slices_20_20/Fire252_frame12373_8.jpg,17,0,87,426,0,0.41599187,1920,1080
Fire110_frame5557_1.jpg,/Users/xiao/Documents/EarlyFireDetectionRedo/TrainYourOwnYOLO/Data/Source_Images/TestUE400/image_slices_20_20/Fire110_frame5557_1.jpg,861,199,1153,346,0,0.57019955,1920,1080
Fire174_frame8629_4.jpg,/Users/xiao/Documents/EarlyFireDetectionRedo/TrainYourOwnYOLO/Data/Source_Images/TestUE400/image_slices_20_20/Fire174_frame8629_4.jpg,1141,199,1920,647,0,0.7966667,1920,1080
Fire173_frame8581_8.jpg,/Users/xiao/Documents/EarlyFireDetectionRedo/TrainYourOwnYOLO/Data/Source_Images/TestUE400/image_slices_20_20/Fire173_frame8581_8.jpg,525,108,1407,956,0,0.83032334,1920,1080
Fire232_frame11413_8.jpg,/Users/xiao/Documents/EarlyFireDetectionRedo/TrainYourOwnYOLO/Data/Source_Images/TestUE400/image_slices_20_20/Fire232_frame11413_8.jpg,115,22,525,704,0,0.7454005,1920,1080
Fire171_frame8485_1.jpg,/Users/xiao/Documents/EarlyFireDetectionRedo/TrainYourOwnYOLO/Data/Source_Images/TestUE400/image_slices_20_20/Fire171_frame8485_1.jpg,586,230,925,482,0,0.76349974,1920,1080
Fire132_frame6613_11.jpg,/Users/xiao/Documents/EarlyFireDetectionRedo/TrainYourOwnYOLO/Data/Source_Images/TestUE400/image_slices_20_20/Fire132_frame6613_11.jpg,1210,507,1920,700,0,0.4967635,1920,1080
Fire132_frame6613_11.jpg,/Users/xiao/Documents/EarlyFireDetectionRedo/TrainYourOwnYOLO/Data/Source_Images/TestUE400/image_slices_20_20/Fire132_frame6613_11.jpg,1396,509,1727,734,0,0.74345696,1920,1080
Fire375_frame18277_11.jpg,/Users/xiao/Documents/EarlyFireDetectionRedo/TrainYourOwnYOLO/Data/Source_Images/TestUE400/image_slices_20_20/Fire375_frame18277_11.jpg,0,463,254,730,0,0.45207128,1920,1080
Fire92_frame4693_11.jpg,/Users/xiao/Documents/EarlyFireDetectionRedo/TrainYourOwnYOLO/Data/Source_Images/TestUE400/image_slices_20_20/Fire92_frame4693_11.jpg,1523,557,1909,695,0,0.3564096,1920,1080
Fire259_frame12709_11.jpg,/Users/xiao/Documents/EarlyFireDetectionRedo/TrainYourOwnYOLO/Data/Source_Images/TestUE400/image_slices_20_20/Fire259_frame12709_11.jpg,785,605,1218,1056,0,0.5485676,1920,1080
Fire216_frame10645_4.jpg,/Users/xiao/Documents/EarlyFireDetectionRedo/TrainYourOwnYOLO/Data/Source_Images/TestUE400/image_slices_20_20/Fire216_frame10645_4.jpg,362,0,1195,1065,0,0.862872,1920,1080
Fire193_frame9541_11.jpg,/Users/xiao/Documents/EarlyFireDetectionRedo/TrainYourOwnYOLO/Data/Source_Images/TestUE400/image_slices_20_20/Fire193_frame9541_11.jpg,974,500,1622,713,0,0.82298005,1920,1080
Fire131_frame6565_8.jpg,/Users/xiao/Documents/EarlyFireDetectionRedo/TrainYourOwnYOLO/Data/Source_Images/TestUE400/image_slices_20_20/Fire131_frame6565_8.jpg,1067,101,1797,457,0,0.302863,1920,1080
Fire230_frame11317_8.jpg,/Users/xiao/Documents/EarlyFireDetectionRedo/TrainYourOwnYOLO/Data/Source_Images/TestUE400/image_slices_20_20/Fire230_frame11317_8.jpg,61,0,472,449,0,0.8574654,1920,1080
Fire217_frame10693_8.jpg,/Users/xiao/Documents/EarlyFireDetectionRedo/TrainYourOwnYOLO/Data/Source_Images/TestUE400/image_slices_20_20/Fire217_frame10693_8.jpg,95,44,429,1045,0,0.28717148,1920,1080
Fire172_frame8533_11.jpg,/Users/xiao/Documents/EarlyFireDetectionRedo/TrainYourOwnYOLO/Data/Source_Images/TestUE400/image_slices_20_20/Fire172_frame8533_11.jpg,1070,517,1613,691,0,0.70724773,1920,1080
Fire196_frame9685_1.jpg,/Users/xiao/Documents/EarlyFireDetectionRedo/TrainYourOwnYOLO/Data/Source_Images/TestUE400/image_slices_20_20/Fire196_frame9685_1.jpg,150,359,698,973,0,0.27863497,1920,1080
Fire196_frame9685_1.jpg,/Users/xiao/Documents/EarlyFireDetectionRedo/TrainYourOwnYOLO/Data/Source_Images/TestUE400/image_slices_20_20/Fire196_frame9685_1.jpg,284,482,705,849,0,0.42011827,1920,1080
Fire215_frame10597_4.jpg,/Users/xiao/Documents/EarlyFireDetectionRedo/TrainYourOwnYOLO/Data/Source_Images/TestUE400/image_slices_20_20/Fire215_frame10597_4.jpg,276,260,699,884,0,0.34760067,1920,1080
Fire215_frame10597_4.jpg,/Users/xiao/Documents/EarlyFireDetectionRedo/TrainYourOwnYOLO/Data/Source_Images/TestUE400/image_slices_20_20/Fire215_frame10597_4.jpg,276,124,1596,968,0,0.53081244,1920,1080
Fire214_frame10549_1.jpg,/Users/xiao/Documents/EarlyFireDetectionRedo/TrainYourOwnYOLO/Data/Source_Images/TestUE400/image_slices_20_20/Fire214_frame10549_1.jpg,269,361,663,650,0,0.40930083,1920,1080
Fire214_frame10549_1.jpg,/Users/xiao/Documents/EarlyFireDetectionRedo/TrainYourOwnYOLO/Data/Source_Images/TestUE400/image_slices_20_20/Fire214_frame10549_1.jpg,379,293,584,710,0,0.7295773,1920,1080
Fire157_frame7813_1.jpg,/Users/xiao/Documents/EarlyFireDetectionRedo/TrainYourOwnYOLO/Data/Source_Images/TestUE400/image_slices_20_20/Fire157_frame7813_1.jpg,466,381,922,721,0,0.30067888,1920,1080
Fire111_frame5605_11.jpg,/Users/xiao/Documents/EarlyFireDetectionRedo/TrainYourOwnYOLO/Data/Source_Images/TestUE400/image_slices_20_20/Fire111_frame5605_11.jpg,1403,460,1721,673,0,0.5793927,1920,1080
Fire219_frame10789_11.jpg,/Users/xiao/Documents/EarlyFireDetectionRedo/TrainYourOwnYOLO/Data/Source_Images/TestUE400/image_slices_20_20/Fire219_frame10789_11.jpg,1346,522,1520,1063,0,0.59830225,1920,1080
Fire151_frame7525_1.jpg,/Users/xiao/Documents/EarlyFireDetectionRedo/TrainYourOwnYOLO/Data/Source_Images/TestUE400/image_slices_20_20/Fire151_frame7525_1.jpg,669,257,1001,424,0,0.8441553,1920,1080
Fire154_frame7669_4.jpg,/Users/xiao/Documents/EarlyFireDetectionRedo/TrainYourOwnYOLO/Data/Source_Images/TestUE400/image_slices_20_20/Fire154_frame7669_4.jpg,1501,149,1920,682,0,0.272929,1920,1080
Fire154_frame7669_4.jpg,/Users/xiao/Documents/EarlyFireDetectionRedo/TrainYourOwnYOLO/Data/Source_Images/TestUE400/image_slices_20_20/Fire154_frame7669_4.jpg,1642,116,1821,637,0,0.79804397,1920,1080
Fire159_frame7909_1.jpg,/Users/xiao/Documents/EarlyFireDetectionRedo/TrainYourOwnYOLO/Data/Source_Images/TestUE400/image_slices_20_20/Fire159_frame7909_1.jpg,295,304,1048,765,0,0.71935177,1920,1080
Fire176_frame8725_1.jpg,/Users/xiao/Documents/EarlyFireDetectionRedo/TrainYourOwnYOLO/Data/Source_Images/TestUE400/image_slices_20_20/Fire176_frame8725_1.jpg,517,398,867,746,0,0.3427188,1920,1080
Fire174_frame8629_1.jpg,/Users/xiao/Documents/EarlyFireDetectionRedo/TrainYourOwnYOLO/Data/Source_Images/TestUE400/image_slices_20_20/Fire174_frame8629_1.jpg,442,393,919,578,0,0.4022686,1920,1080
Fire173_frame8581_11.jpg,/Users/xiao/Documents/EarlyFireDetectionRedo/TrainYourOwnYOLO/Data/Source_Images/TestUE400/image_slices_20_20/Fire173_frame8581_11.jpg,1202,546,1670,765,0,0.7934109,1920,1080
Fire147_frame7333_1.jpg,/Users/xiao/Documents/EarlyFireDetectionRedo/TrainYourOwnYOLO/Data/Source_Images/TestUE400/image_slices_20_20/Fire147_frame7333_1.jpg,692,86,1020,217,0,0.5465052,1920,1080
Fire171_frame8485_4.jpg,/Users/xiao/Documents/EarlyFireDetectionRedo/TrainYourOwnYOLO/Data/Source_Images/TestUE400/image_slices_20_20/Fire171_frame8485_4.jpg,1078,73,1791,409,0,0.7777039,1920,1080
Fire156_frame7765_4.jpg,/Users/xiao/Documents/EarlyFireDetectionRedo/TrainYourOwnYOLO/Data/Source_Images/TestUE400/image_slices_20_20/Fire156_frame7765_4.jpg,1791,123,1920,616,0,0.2943892,1920,1080
Fire356_frame17365_11.jpg,/Users/xiao/Documents/EarlyFireDetectionRedo/TrainYourOwnYOLO/Data/Source_Images/TestUE400/image_slices_20_20/Fire356_frame17365_11.jpg,45,483,281,828,0,0.67853737,1920,1080
Fire249_frame12229_8.jpg,/Users/xiao/Documents/EarlyFireDetectionRedo/TrainYourOwnYOLO/Data/Source_Images/TestUE400/image_slices_20_20/Fire249_frame12229_8.jpg,0,0,284,351,0,0.35844317,1920,1080
Fire211_frame10405_8.jpg,/Users/xiao/Documents/EarlyFireDetectionRedo/TrainYourOwnYOLO/Data/Source_Images/TestUE400/image_slices_20_20/Fire211_frame10405_8.jpg,238,67,787,606,0,0.34682876,1920,1080
Fire377_frame18373_11.jpg,/Users/xiao/Documents/EarlyFireDetectionRedo/TrainYourOwnYOLO/Data/Source_Images/TestUE400/image_slices_20_20/Fire377_frame18373_11.jpg,3,471,87,991,0,0.35712993,1920,1080
Fire212_frame10453_8.jpg,/Users/xiao/Documents/EarlyFireDetectionRedo/TrainYourOwnYOLO/Data/Source_Images/TestUE400/image_slices_20_20/Fire212_frame10453_8.jpg,0,170,900,559,0,0.3871071,1920,1080
Fire212_frame10453_8.jpg,/Users/xiao/Documents/EarlyFireDetectionRedo/TrainYourOwnYOLO/Data/Source_Images/TestUE400/image_slices_20_20/Fire212_frame10453_8.jpg,123,52,697,698,0,0.76355106,1920,1080
Fire69_frame3589_1.jpg,/Users/xiao/Documents/EarlyFireDetectionRedo/TrainYourOwnYOLO/Data/Source_Images/TestUE400/image_slices_20_20/Fire69_frame3589_1.jpg,1071,110,1247,350,0,0.33325064,1920,1080
Fire209_frame10309_11.jpg,/Users/xiao/Documents/EarlyFireDetectionRedo/TrainYourOwnYOLO/Data/Source_Images/TestUE400/image_slices_20_20/Fire209_frame10309_11.jpg,864,396,1330,518,0,0.39831007,1920,1080
Fire268_frame13141_1.jpg,/Users/xiao/Documents/EarlyFireDetectionRedo/TrainYourOwnYOLO/Data/Source_Images/TestUE400/image_slices_20_20/Fire268_frame13141_1.jpg,353,133,554,402,0,0.27669683,1920,1080
Fire91_frame4645_8.jpg,/Users/xiao/Documents/EarlyFireDetectionRedo/TrainYourOwnYOLO/Data/Source_Images/TestUE400/image_slices_20_20/Fire91_frame4645_8.jpg,1639,227,1920,437,0,0.37250376,1920,1080
Fire91_frame4645_8.jpg,/Users/xiao/Documents/EarlyFireDetectionRedo/TrainYourOwnYOLO/Data/Source_Images/TestUE400/image_slices_20_20/Fire91_frame4645_8.jpg,1759,219,1905,459,0,0.6851734,1920,1080
Fire152_frame7573_11.jpg,/Users/xiao/Documents/EarlyFireDetectionRedo/TrainYourOwnYOLO/Data/Source_Images/TestUE400/image_slices_20_20/Fire152_frame7573_11.jpg,1222,490,1658,750,0,0.34387183,1920,1080
Fire152_frame7573_11.jpg,/Users/xiao/Documents/EarlyFireDetectionRedo/TrainYourOwnYOLO/Data/Source_Images/TestUE400/image_slices_20_20/Fire152_frame7573_11.jpg,1204,540,1711,662,0,0.8095367,1920,1080
Fire127_frame6373_11.jpg,/Users/xiao/Documents/EarlyFireDetectionRedo/TrainYourOwnYOLO/Data/Source_Images/TestUE400/image_slices_20_20/Fire127_frame6373_11.jpg,1239,374,1477,473,0,0.26440978,1920,1080
Fire89_frame4549_1.jpg,/Users/xiao/Documents/EarlyFireDetectionRedo/TrainYourOwnYOLO/Data/Source_Images/TestUE400/image_slices_20_20/Fire89_frame4549_1.jpg,931,234,1254,332,0,0.49196956,1920,1080
Fire231_frame11365_11.jpg,/Users/xiao/Documents/EarlyFireDetectionRedo/TrainYourOwnYOLO/Data/Source_Images/TestUE400/image_slices_20_20/Fire231_frame11365_11.jpg,833,498,1309,629,0,0.8564259,1920,1080
Fire87_frame4453_1.jpg,/Users/xiao/Documents/EarlyFireDetectionRedo/TrainYourOwnYOLO/Data/Source_Images/TestUE400/image_slices_20_20/Fire87_frame4453_1.jpg,986,90,1176,301,0,0.28773487,1920,1080
Fire87_frame4453_1.jpg,/Users/xiao/Documents/EarlyFireDetectionRedo/TrainYourOwnYOLO/Data/Source_Images/TestUE400/image_slices_20_20/Fire87_frame4453_1.jpg,955,133,1189,235,0,0.34225833,1920,1080
Fire307_frame15013_1.jpg,/Users/xiao/Documents/EarlyFireDetectionRedo/TrainYourOwnYOLO/Data/Source_Images/TestUE400/image_slices_20_20/Fire307_frame15013_1.jpg,347,138,421,243,0,0.41289106,1920,1080
Fire234_frame11509_4.jpg,/Users/xiao/Documents/EarlyFireDetectionRedo/TrainYourOwnYOLO/Data/Source_Images/TestUE400/image_slices_20_20/Fire234_frame11509_4.jpg,261,63,1017,894,0,0.4782902,1920,1080
Fire234_frame11509_4.jpg,/Users/xiao/Documents/EarlyFireDetectionRedo/TrainYourOwnYOLO/Data/Source_Images/TestUE400/image_slices_20_20/Fire234_frame11509_4.jpg,41,193,1200,685,0,0.5578784,1920,1080
Fire298_frame14581_11.jpg,/Users/xiao/Documents/EarlyFireDetectionRedo/TrainYourOwnYOLO/Data/Source_Images/TestUE400/image_slices_20_20/Fire298_frame14581_11.jpg,209,649,645,1015,0,0.8187047,1920,1080
Fire257_frame12613_4.jpg,/Users/xiao/Documents/EarlyFireDetectionRedo/TrainYourOwnYOLO/Data/Source_Images/TestUE400/image_slices_20_20/Fire257_frame12613_4.jpg,124,279,651,1080,0,0.9165649,1920,1080
Fire314_frame15349_11.jpg,/Users/xiao/Documents/EarlyFireDetectionRedo/TrainYourOwnYOLO/Data/Source_Images/TestUE400/image_slices_20_20/Fire314_frame15349_11.jpg,373,324,777,555,0,0.7108185,1920,1080
Fire69_frame3589_11.jpg,/Users/xiao/Documents/EarlyFireDetectionRedo/TrainYourOwnYOLO/Data/Source_Images/TestUE400/image_slices_20_20/Fire69_frame3589_11.jpg,1493,391,1776,618,0,0.2648932,1920,1080
Fire69_frame3589_11.jpg,/Users/xiao/Documents/EarlyFireDetectionRedo/TrainYourOwnYOLO/Data/Source_Images/TestUE400/image_slices_20_20/Fire69_frame3589_11.jpg,1513,461,1766,550,0,0.52304035,1920,1080
Fire236_frame11605_1.jpg,/Users/xiao/Documents/EarlyFireDetectionRedo/TrainYourOwnYOLO/Data/Source_Images/TestUE400/image_slices_20_20/Fire236_frame11605_1.jpg,106,406,411,850,0,0.83650696,1920,1080
Fire373_frame18181_11.jpg,/Users/xiao/Documents/EarlyFireDetectionRedo/TrainYourOwnYOLO/Data/Source_Images/TestUE400/image_slices_20_20/Fire373_frame18181_11.jpg,8,342,531,509,0,0.4712563,1920,1080
Fire132_frame6613_8.jpg,/Users/xiao/Documents/EarlyFireDetectionRedo/TrainYourOwnYOLO/Data/Source_Images/TestUE400/image_slices_20_20/Fire132_frame6613_8.jpg,1275,209,1751,546,0,0.32671,1920,1080
Fire132_frame6613_8.jpg,/Users/xiao/Documents/EarlyFireDetectionRedo/TrainYourOwnYOLO/Data/Source_Images/TestUE400/image_slices_20_20/Fire132_frame6613_8.jpg,1326,183,1549,589,0,0.50921,1920,1080
Fire213_frame10501_11.jpg,/Users/xiao/Documents/EarlyFireDetectionRedo/TrainYourOwnYOLO/Data/Source_Images/TestUE400/image_slices_20_20/Fire213_frame10501_11.jpg,982,408,1400,831,0,0.6818426,1920,1080
Fire251_frame12325_11.jpg,/Users/xiao/Documents/EarlyFireDetectionRedo/TrainYourOwnYOLO/Data/Source_Images/TestUE400/image_slices_20_20/Fire251_frame12325_11.jpg,761,446,1250,584,0,0.7765403,1920,1080
Fire216_frame10645_11.jpg,/Users/xiao/Documents/EarlyFireDetectionRedo/TrainYourOwnYOLO/Data/Source_Images/TestUE400/image_slices_20_20/Fire216_frame10645_11.jpg,1022,567,1366,843,0,0.8214614,1920,1080
Fire194_frame9589_1.jpg,/Users/xiao/Documents/EarlyFireDetectionRedo/TrainYourOwnYOLO/Data/Source_Images/TestUE400/image_slices_20_20/Fire194_frame9589_1.jpg,275,406,835,573,0,0.33905178,1920,1080
Fire151_frame7525_11.jpg,/Users/xiao/Documents/EarlyFireDetectionRedo/TrainYourOwnYOLO/Data/Source_Images/TestUE400/image_slices_20_20/Fire151_frame7525_11.jpg,1257,484,1649,655,0,0.7667798,1920,1080
Fire129_frame6469_1.jpg,/Users/xiao/Documents/EarlyFireDetectionRedo/TrainYourOwnYOLO/Data/Source_Images/TestUE400/image_slices_20_20/Fire129_frame6469_1.jpg,736,164,1134,292,0,0.5295601,1920,1080
Fire91_frame4645_11.jpg,/Users/xiao/Documents/EarlyFireDetectionRedo/TrainYourOwnYOLO/Data/Source_Images/TestUE400/image_slices_20_20/Fire91_frame4645_11.jpg,1494,531,1842,614,0,0.58440834,1920,1080
Fire191_frame9445_4.jpg,/Users/xiao/Documents/EarlyFireDetectionRedo/TrainYourOwnYOLO/Data/Source_Images/TestUE400/image_slices_20_20/Fire191_frame9445_4.jpg,932,0,1514,504,0,0.38006887,1920,1080
Fire320_frame15637_11.jpg,/Users/xiao/Documents/EarlyFireDetectionRedo/TrainYourOwnYOLO/Data/Source_Images/TestUE400/image_slices_20_20/Fire320_frame15637_11.jpg,9,714,206,882,0,0.33241928,1920,1080
Fire194_frame9589_11.jpg,/Users/xiao/Documents/EarlyFireDetectionRedo/TrainYourOwnYOLO/Data/Source_Images/TestUE400/image_slices_20_20/Fire194_frame9589_11.jpg,1141,539,1445,753,0,0.78240836,1920,1080
Fire275_frame13477_11.jpg,/Users/xiao/Documents/EarlyFireDetectionRedo/TrainYourOwnYOLO/Data/Source_Images/TestUE400/image_slices_20_20/Fire275_frame13477_11.jpg,632,371,939,509,0,0.3920197,1920,1080
Fire233_frame11461_1.jpg,/Users/xiao/Documents/EarlyFireDetectionRedo/TrainYourOwnYOLO/Data/Source_Images/TestUE400/image_slices_20_20/Fire233_frame11461_1.jpg,200,293,633,564,0,0.4029856,1920,1080
Fire153_frame7621_8.jpg,/Users/xiao/Documents/EarlyFireDetectionRedo/TrainYourOwnYOLO/Data/Source_Images/TestUE400/image_slices_20_20/Fire153_frame7621_8.jpg,1023,239,1453,738,0,0.36490974,1920,1080
Fire154_frame7669_11.jpg,/Users/xiao/Documents/EarlyFireDetectionRedo/TrainYourOwnYOLO/Data/Source_Images/TestUE400/image_slices_20_20/Fire154_frame7669_11.jpg,1374,551,1744,762,0,0.54988635,1920,1080
Fire154_frame7669_11.jpg,/Users/xiao/Documents/EarlyFireDetectionRedo/TrainYourOwnYOLO/Data/Source_Images/TestUE400/image_slices_20_20/Fire154_frame7669_11.jpg,1324,613,1718,703,0,0.7939466,1920,1080
Fire250_frame12277_1.jpg,/Users/xiao/Documents/EarlyFireDetectionRedo/TrainYourOwnYOLO/Data/Source_Images/TestUE400/image_slices_20_20/Fire250_frame12277_1.jpg,332,261,599,419,0,0.6519028,1920,1080
Fire337_frame16453_11.jpg,/Users/xiao/Documents/EarlyFireDetectionRedo/TrainYourOwnYOLO/Data/Source_Images/TestUE400/image_slices_20_20/Fire337_frame16453_11.jpg,0,535,632,998,0,0.4278835,1920,1080
Fire337_frame16453_11.jpg,/Users/xiao/Documents/EarlyFireDetectionRedo/TrainYourOwnYOLO/Data/Source_Images/TestUE400/image_slices_20_20/Fire337_frame16453_11.jpg,142,416,361,1059,0,0.6348885,1920,1080
Fire135_frame6757_11.jpg,/Users/xiao/Documents/EarlyFireDetectionRedo/TrainYourOwnYOLO/Data/Source_Images/TestUE400/image_slices_20_20/Fire135_frame6757_11.jpg,1580,524,1885,795,0,0.25974467,1920,1080
Fire135_frame6757_11.jpg,/Users/xiao/Documents/EarlyFireDetectionRedo/TrainYourOwnYOLO/Data/Source_Images/TestUE400/image_slices_20_20/Fire135_frame6757_11.jpg,1589,595,1881,708,0,0.74105114,1920,1080
Fire172_frame8533_4.jpg,/Users/xiao/Documents/EarlyFireDetectionRedo/TrainYourOwnYOLO/Data/Source_Images/TestUE400/image_slices_20_20/Fire172_frame8533_4.jpg,1000,84,1877,583,0,0.4796326,1920,1080
Fire189_frame9349_11.jpg,/Users/xiao/Documents/EarlyFireDetectionRedo/TrainYourOwnYOLO/Data/Source_Images/TestUE400/image_slices_20_20/Fire189_frame9349_11.jpg,950,383,1367,483,0,0.52569324,1920,1080
Fire235_frame11557_1.jpg,/Users/xiao/Documents/EarlyFireDetectionRedo/TrainYourOwnYOLO/Data/Source_Images/TestUE400/image_slices_20_20/Fire235_frame11557_1.jpg,85,439,533,723,0,0.5055817,1920,1080
Fire195_frame9637_1.jpg,/Users/xiao/Documents/EarlyFireDetectionRedo/TrainYourOwnYOLO/Data/Source_Images/TestUE400/image_slices_20_20/Fire195_frame9637_1.jpg,77,469,855,649,0,0.46674424,1920,1080
Fire197_frame9733_8.jpg,/Users/xiao/Documents/EarlyFireDetectionRedo/TrainYourOwnYOLO/Data/Source_Images/TestUE400/image_slices_20_20/Fire197_frame9733_8.jpg,244,645,735,1063,0,0.54260516,1920,1080
Fire152_frame7573_1.jpg,/Users/xiao/Documents/EarlyFireDetectionRedo/TrainYourOwnYOLO/Data/Source_Images/TestUE400/image_slices_20_20/Fire152_frame7573_1.jpg,699,297,967,456,0,0.30699357,1920,1080
Fire213_frame10501_4.jpg,/Users/xiao/Documents/EarlyFireDetectionRedo/TrainYourOwnYOLO/Data/Source_Images/TestUE400/image_slices_20_20/Fire213_frame10501_4.jpg,588,47,1389,541,0,0.5856033,1920,1080
Fire112_frame5653_11.jpg,/Users/xiao/Documents/EarlyFireDetectionRedo/TrainYourOwnYOLO/Data/Source_Images/TestUE400/image_slices_20_20/Fire112_frame5653_11.jpg,1423,523,1844,718,0,0.47383222,1920,1080
Fire130_frame6517_1.jpg,/Users/xiao/Documents/EarlyFireDetectionRedo/TrainYourOwnYOLO/Data/Source_Images/TestUE400/image_slices_20_20/Fire130_frame6517_1.jpg,844,200,1092,347,0,0.71014065,1920,1080
Fire129_frame6469_11.jpg,/Users/xiao/Documents/EarlyFireDetectionRedo/TrainYourOwnYOLO/Data/Source_Images/TestUE400/image_slices_20_20/Fire129_frame6469_11.jpg,1275,392,1552,573,0,0.47831294,1920,1080
Fire292_frame14293_1.jpg,/Users/xiao/Documents/EarlyFireDetectionRedo/TrainYourOwnYOLO/Data/Source_Images/TestUE400/image_slices_20_20/Fire292_frame14293_1.jpg,0,24,306,259,0,0.5995538,1920,1080
Fire174_frame8629_11.jpg,/Users/xiao/Documents/EarlyFireDetectionRedo/TrainYourOwnYOLO/Data/Source_Images/TestUE400/image_slices_20_20/Fire174_frame8629_11.jpg,1212,501,1621,809,0,0.91087484,1920,1080
Fire229_frame11269_1.jpg,/Users/xiao/Documents/EarlyFireDetectionRedo/TrainYourOwnYOLO/Data/Source_Images/TestUE400/image_slices_20_20/Fire229_frame11269_1.jpg,457,191,663,414,0,0.39291534,1920,1080
Fire229_frame11269_1.jpg,/Users/xiao/Documents/EarlyFireDetectionRedo/TrainYourOwnYOLO/Data/Source_Images/TestUE400/image_slices_20_20/Fire229_frame11269_1.jpg,340,246,789,351,0,0.8574156,1920,1080
Fire90_frame4597_11.jpg,/Users/xiao/Documents/EarlyFireDetectionRedo/TrainYourOwnYOLO/Data/Source_Images/TestUE400/image_slices_20_20/Fire90_frame4597_11.jpg,1429,473,1895,588,0,0.41781417,1920,1080
Fire169_frame8389_11.jpg,/Users/xiao/Documents/EarlyFireDetectionRedo/TrainYourOwnYOLO/Data/Source_Images/TestUE400/image_slices_20_20/Fire169_frame8389_11.jpg,1149,345,1390,523,0,0.3848612,1920,1080
Fire155_frame7717_4.jpg,/Users/xiao/Documents/EarlyFireDetectionRedo/TrainYourOwnYOLO/Data/Source_Images/TestUE400/image_slices_20_20/Fire155_frame7717_4.jpg,1693,94,1899,741,0,0.6026116,1920,1080
Fire175_frame8677_1.jpg,/Users/xiao/Documents/EarlyFireDetectionRedo/TrainYourOwnYOLO/Data/Source_Images/TestUE400/image_slices_20_20/Fire175_frame8677_1.jpg,425,350,738,679,0,0.76756406,1920,1080
Fire192_frame9493_4.jpg,/Users/xiao/Documents/EarlyFireDetectionRedo/TrainYourOwnYOLO/Data/Source_Images/TestUE400/image_slices_20_20/Fire192_frame9493_4.jpg,934,0,1570,478,0,0.8822079,1920,1080
Fire130_frame6517_11.jpg,/Users/xiao/Documents/EarlyFireDetectionRedo/TrainYourOwnYOLO/Data/Source_Images/TestUE400/image_slices_20_20/Fire130_frame6517_11.jpg,1307,403,1594,609,0,0.2805277,1920,1080
Fire130_frame6517_11.jpg,/Users/xiao/Documents/EarlyFireDetectionRedo/TrainYourOwnYOLO/Data/Source_Images/TestUE400/image_slices_20_20/Fire130_frame6517_11.jpg,1300,455,1593,539,0,0.5441907,1920,1080
Fire277_frame13573_11.jpg,/Users/xiao/Documents/EarlyFireDetectionRedo/TrainYourOwnYOLO/Data/Source_Images/TestUE400/image_slices_20_20/Fire277_frame13573_11.jpg,0,538,1535,1006,0,0.45129102,1920,1080
Fire277_frame13573_11.jpg,/Users/xiao/Documents/EarlyFireDetectionRedo/TrainYourOwnYOLO/Data/Source_Images/TestUE400/image_slices_20_20/Fire277_frame13573_11.jpg,566,508,963,1041,0,0.79154223,1920,1080
Fire172_frame8533_1.jpg,/Users/xiao/Documents/EarlyFireDetectionRedo/TrainYourOwnYOLO/Data/Source_Images/TestUE400/image_slices_20_20/Fire172_frame8533_1.jpg,595,311,904,493,0,0.6231708,1920,1080
Fire273_frame13381_1.jpg,/Users/xiao/Documents/EarlyFireDetectionRedo/TrainYourOwnYOLO/Data/Source_Images/TestUE400/image_slices_20_20/Fire273_frame13381_1.jpg,0,26,352,415,0,0.35294378,1920,1080
Fire235_frame11557_4.jpg,/Users/xiao/Documents/EarlyFireDetectionRedo/TrainYourOwnYOLO/Data/Source_Images/TestUE400/image_slices_20_20/Fire235_frame11557_4.jpg,72,378,1031,738,0,0.33730516,1920,1080
Fire235_frame11557_4.jpg,/Users/xiao/Documents/EarlyFireDetectionRedo/TrainYourOwnYOLO/Data/Source_Images/TestUE400/image_slices_20_20/Fire235_frame11557_4.jpg,146,150,908,973,0,0.89536566,1920,1080
Fire198_frame9781_4.jpg,/Users/xiao/Documents/EarlyFireDetectionRedo/TrainYourOwnYOLO/Data/Source_Images/TestUE400/image_slices_20_20/Fire198_frame9781_4.jpg,1357,237,1821,791,0,0.5009023,1920,1080
Fire195_frame9637_4.jpg,/Users/xiao/Documents/EarlyFireDetectionRedo/TrainYourOwnYOLO/Data/Source_Images/TestUE400/image_slices_20_20/Fire195_frame9637_4.jpg,1032,383,1784,668,0,0.6351481,1920,1080
Fire195_frame9637_4.jpg,/Users/xiao/Documents/EarlyFireDetectionRedo/TrainYourOwnYOLO/Data/Source_Images/TestUE400/image_slices_20_20/Fire195_frame9637_4.jpg,984,228,1789,855,0,0.7961557,1920,1080
Fire270_frame13237_1.jpg,/Users/xiao/Documents/EarlyFireDetectionRedo/TrainYourOwnYOLO/Data/Source_Images/TestUE400/image_slices_20_20/Fire270_frame13237_1.jpg,245,186,526,335,0,0.3942482,1920,1080
Fire213_frame10501_1.jpg,/Users/xiao/Documents/EarlyFireDetectionRedo/TrainYourOwnYOLO/Data/Source_Images/TestUE400/image_slices_20_20/Fire213_frame10501_1.jpg,277,291,796,591,0,0.5445585,1920,1080
Fire238_frame11701_4.jpg,/Users/xiao/Documents/EarlyFireDetectionRedo/TrainYourOwnYOLO/Data/Source_Images/TestUE400/image_slices_20_20/Fire238_frame11701_4.jpg,200,389,646,1059,0,0.73895365,1920,1080
Fire196_frame9685_11.jpg,/Users/xiao/Documents/EarlyFireDetectionRedo/TrainYourOwnYOLO/Data/Source_Images/TestUE400/image_slices_20_20/Fire196_frame9685_11.jpg,1367,351,1667,1080,0,0.6184299,1920,1080
Fire180_frame8917_1.jpg,/Users/xiao/Documents/EarlyFireDetectionRedo/TrainYourOwnYOLO/Data/Source_Images/TestUE400/image_slices_20_20/Fire180_frame8917_1.jpg,77,585,421,985,0,0.592014,1920,1080
Fire211_frame10405_11.jpg,/Users/xiao/Documents/EarlyFireDetectionRedo/TrainYourOwnYOLO/Data/Source_Images/TestUE400/image_slices_20_20/Fire211_frame10405_11.jpg,997,504,1289,640,0,0.9385938,1920,1080
Fire192_frame9493_1.jpg,/Users/xiao/Documents/EarlyFireDetectionRedo/TrainYourOwnYOLO/Data/Source_Images/TestUE400/image_slices_20_20/Fire192_frame9493_1.jpg,517,272,825,525,0,0.48165587,1920,1080
Fire175_frame8677_4.jpg,/Users/xiao/Documents/EarlyFireDetectionRedo/TrainYourOwnYOLO/Data/Source_Images/TestUE400/image_slices_20_20/Fire175_frame8677_4.jpg,1162,100,1914,732,0,0.64829814,1920,1080
Fire248_frame12181_1.jpg,/Users/xiao/Documents/EarlyFireDetectionRedo/TrainYourOwnYOLO/Data/Source_Images/TestUE400/image_slices_20_20/Fire248_frame12181_1.jpg,273,170,730,296,0,0.3160059,1920,1080
Fire189_frame9349_1.jpg,/Users/xiao/Documents/EarlyFireDetectionRedo/TrainYourOwnYOLO/Data/Source_Images/TestUE400/image_slices_20_20/Fire189_frame9349_1.jpg,514,90,843,326,0,0.39157945,1920,1080
Fire255_frame12517_11.jpg,/Users/xiao/Documents/EarlyFireDetectionRedo/TrainYourOwnYOLO/Data/Source_Images/TestUE400/image_slices_20_20/Fire255_frame12517_11.jpg,699,436,1244,749,0,0.36178344,1920,1080
Fire227_frame11173_11.jpg,/Users/xiao/Documents/EarlyFireDetectionRedo/TrainYourOwnYOLO/Data/Source_Images/TestUE400/image_slices_20_20/Fire227_frame11173_11.jpg,909,371,1188,506,0,0.54863834,1920,1080
Fire319_frame15589_11.jpg,/Users/xiao/Documents/EarlyFireDetectionRedo/TrainYourOwnYOLO/Data/Source_Images/TestUE400/image_slices_20_20/Fire319_frame15589_11.jpg,28,660,357,961,0,0.26163906,1920,1080
Fire319_frame15589_11.jpg,/Users/xiao/Documents/EarlyFireDetectionRedo/TrainYourOwnYOLO/Data/Source_Images/TestUE400/image_slices_20_20/Fire319_frame15589_11.jpg,160,489,290,1080,0,0.57212496,1920,1080
Fire133_frame6661_4.jpg,/Users/xiao/Documents/EarlyFireDetectionRedo/TrainYourOwnYOLO/Data/Source_Images/TestUE400/image_slices_20_20/Fire133_frame6661_4.jpg,1749,341,1920,534,0,0.49814913,1920,1080
Fire209_frame10309_1.jpg,/Users/xiao/Documents/EarlyFireDetectionRedo/TrainYourOwnYOLO/Data/Source_Images/TestUE400/image_slices_20_20/Fire209_frame10309_1.jpg,465,97,800,358,0,0.31373906,1920,1080
Fire194_frame9589_4.jpg,/Users/xiao/Documents/EarlyFireDetectionRedo/TrainYourOwnYOLO/Data/Source_Images/TestUE400/image_slices_20_20/Fire194_frame9589_4.jpg,922,128,1590,622,0,0.4392698,1920,1080
Fire194_frame9589_4.jpg,/Users/xiao/Documents/EarlyFireDetectionRedo/TrainYourOwnYOLO/Data/Source_Images/TestUE400/image_slices_20_20/Fire194_frame9589_4.jpg,778,0,1716,843,0,0.8946971,1920,1080
Fire354_frame17269_11.jpg,/Users/xiao/Documents/EarlyFireDetectionRedo/TrainYourOwnYOLO/Data/Source_Images/TestUE400/image_slices_20_20/Fire354_frame17269_11.jpg,170,468,589,655,0,0.6681734,1920,1080
Fire231_frame11365_1.jpg,/Users/xiao/Documents/EarlyFireDetectionRedo/TrainYourOwnYOLO/Data/Source_Images/TestUE400/image_slices_20_20/Fire231_frame11365_1.jpg,237,290,836,482,0,0.5368224,1920,1080
Fire109_frame5509_11.jpg,/Users/xiao/Documents/EarlyFireDetectionRedo/TrainYourOwnYOLO/Data/Source_Images/TestUE400/image_slices_20_20/Fire109_frame5509_11.jpg,1307,406,1719,619,0,0.30965155,1920,1080
Fire109_frame5509_11.jpg,/Users/xiao/Documents/EarlyFireDetectionRedo/TrainYourOwnYOLO/Data/Source_Images/TestUE400/image_slices_20_20/Fire109_frame5509_11.jpg,1350,462,1687,545,0,0.725396,1920,1080
Fire218_frame10741_1.jpg,/Users/xiao/Documents/EarlyFireDetectionRedo/TrainYourOwnYOLO/Data/Source_Images/TestUE400/image_slices_20_20/Fire218_frame10741_1.jpg,0,579,689,957,0,0.34553418,1920,1080
Fire218_frame10741_1.jpg,/Users/xiao/Documents/EarlyFireDetectionRedo/TrainYourOwnYOLO/Data/Source_Images/TestUE400/image_slices_20_20/Fire218_frame10741_1.jpg,125,515,414,964,0,0.49471426,1920,1080
Fire191_frame9445_1.jpg,/Users/xiao/Documents/EarlyFireDetectionRedo/TrainYourOwnYOLO/Data/Source_Images/TestUE400/image_slices_20_20/Fire191_frame9445_1.jpg,487,236,864,448,0,0.6165384,1920,1080
Fire233_frame11461_11.jpg,/Users/xiao/Documents/EarlyFireDetectionRedo/TrainYourOwnYOLO/Data/Source_Images/TestUE400/image_slices_20_20/Fire233_frame11461_11.jpg,870,475,1318,707,0,0.76361215,1920,1080
Fire193_frame9541_8.jpg,/Users/xiao/Documents/EarlyFireDetectionRedo/TrainYourOwnYOLO/Data/Source_Images/TestUE400/image_slices_20_20/Fire193_frame9541_8.jpg,310,117,1027,769,0,0.8208109,1920,1080
Fire215_frame10597_11.jpg,/Users/xiao/Documents/EarlyFireDetectionRedo/TrainYourOwnYOLO/Data/Source_Images/TestUE400/image_slices_20_20/Fire215_frame10597_11.jpg,1047,635,1350,800,0,0.611518,1920,1080
Fire233_frame11461_4.jpg,/Users/xiao/Documents/EarlyFireDetectionRedo/TrainYourOwnYOLO/Data/Source_Images/TestUE400/image_slices_20_20/Fire233_frame11461_4.jpg,346,0,1168,600,0,0.46024463,1920,1080
Fire112_frame5653_8.jpg,/Users/xiao/Documents/EarlyFireDetectionRedo/TrainYourOwnYOLO/Data/Source_Images/TestUE400/image_slices_20_20/Fire112_frame5653_8.jpg,1500,220,1920,463,0,0.36327824,1920,1080
Fire112_frame5653_8.jpg,/Users/xiao/Documents/EarlyFireDetectionRedo/TrainYourOwnYOLO/Data/Source_Images/TestUE400/image_slices_20_20/Fire112_frame5653_8.jpg,1616,77,1775,616,0,0.57687676,1920,1080
Fire249_frame12229_11.jpg,/Users/xiao/Documents/EarlyFireDetectionRedo/TrainYourOwnYOLO/Data/Source_Images/TestUE400/image_slices_20_20/Fire249_frame12229_11.jpg,876,442,1101,562,0,0.42938948,1920,1080
Fire333_frame16261_11.jpg,/Users/xiao/Documents/EarlyFireDetectionRedo/TrainYourOwnYOLO/Data/Source_Images/TestUE400/image_slices_20_20/Fire333_frame16261_11.jpg,305,327,670,526,0,0.76144564,1920,1080
Fire239_frame11749_4.jpg,/Users/xiao/Documents/EarlyFireDetectionRedo/TrainYourOwnYOLO/Data/Source_Images/TestUE400/image_slices_20_20/Fire239_frame11749_4.jpg,110,510,654,1074,0,0.31804284,1920,1080
Fire353_frame17221_11.jpg,/Users/xiao/Documents/EarlyFireDetectionRedo/TrainYourOwnYOLO/Data/Source_Images/TestUE400/image_slices_20_20/Fire353_frame17221_11.jpg,216,357,566,606,0,0.7041113,1920,1080
Fire192_frame9493_11.jpg,/Users/xiao/Documents/EarlyFireDetectionRedo/TrainYourOwnYOLO/Data/Source_Images/TestUE400/image_slices_20_20/Fire192_frame9493_11.jpg,1107,508,1425,669,0,0.8356483,1920,1080
Fire299_frame14629_11.jpg,/Users/xiao/Documents/EarlyFireDetectionRedo/TrainYourOwnYOLO/Data/Source_Images/TestUE400/image_slices_20_20/Fire299_frame14629_11.jpg,183,599,637,1056,0,0.9165445,1920,1080
Fire90_frame4597_8.jpg,/Users/xiao/Documents/EarlyFireDetectionRedo/TrainYourOwnYOLO/Data/Source_Images/TestUE400/image_slices_20_20/Fire90_frame4597_8.jpg,1680,57,1910,359,0,0.5791041,1920,1080
Fire133_frame6661_8.jpg,/Users/xiao/Documents/EarlyFireDetectionRedo/TrainYourOwnYOLO/Data/Source_Images/TestUE400/image_slices_20_20/Fire133_frame6661_8.jpg,1279,275,1609,623,0,0.62506545,1920,1080
Fire247_frame12133_1.jpg,/Users/xiao/Documents/EarlyFireDetectionRedo/TrainYourOwnYOLO/Data/Source_Images/TestUE400/image_slices_20_20/Fire247_frame12133_1.jpg,377,151,728,302,0,0.68991464,1920,1080
Fire247_frame12133_1.jpg,/Users/xiao/Documents/EarlyFireDetectionRedo/TrainYourOwnYOLO/Data/Source_Images/TestUE400/image_slices_20_20/Fire247_frame12133_1.jpg,459,130,644,330,0,0.7495612,1920,1080
Fire252_frame12373_11.jpg,/Users/xiao/Documents/EarlyFireDetectionRedo/TrainYourOwnYOLO/Data/Source_Images/TestUE400/image_slices_20_20/Fire252_frame12373_11.jpg,808,429,1150,584,0,0.8060246,1920,1080
Fire194_frame9589_8.jpg,/Users/xiao/Documents/EarlyFireDetectionRedo/TrainYourOwnYOLO/Data/Source_Images/TestUE400/image_slices_20_20/Fire194_frame9589_8.jpg,202,0,876,1080,0,0.76310194,1920,1080
Fire294_frame14389_1.jpg,/Users/xiao/Documents/EarlyFireDetectionRedo/TrainYourOwnYOLO/Data/Source_Images/TestUE400/image_slices_20_20/Fire294_frame14389_1.jpg,3,0,67,503,0,0.67273104,1920,1080
Fire128_frame6421_1.jpg,/Users/xiao/Documents/EarlyFireDetectionRedo/TrainYourOwnYOLO/Data/Source_Images/TestUE400/image_slices_20_20/Fire128_frame6421_1.jpg,747,157,1112,262,0,0.6544129,1920,1080
Fire193_frame9541_4.jpg,/Users/xiao/Documents/EarlyFireDetectionRedo/TrainYourOwnYOLO/Data/Source_Images/TestUE400/image_slices_20_20/Fire193_frame9541_4.jpg,867,30,1695,659,0,0.8444956,1920,1080
Fire149_frame7429_1.jpg,/Users/xiao/Documents/EarlyFireDetectionRedo/TrainYourOwnYOLO/Data/Source_Images/TestUE400/image_slices_20_20/Fire149_frame7429_1.jpg,716,127,1012,290,0,0.80023396,1920,1080
Fire274_frame13429_1.jpg,/Users/xiao/Documents/EarlyFireDetectionRedo/TrainYourOwnYOLO/Data/Source_Images/TestUE400/image_slices_20_20/Fire274_frame13429_1.jpg,27,75,162,362,0,0.34794274,1920,1080
Fire274_frame13429_1.jpg,/Users/xiao/Documents/EarlyFireDetectionRedo/TrainYourOwnYOLO/Data/Source_Images/TestUE400/image_slices_20_20/Fire274_frame13429_1.jpg,0,80,278,383,0,0.47074446,1920,1080
Fire228_frame11221_11.jpg,/Users/xiao/Documents/EarlyFireDetectionRedo/TrainYourOwnYOLO/Data/Source_Images/TestUE400/image_slices_20_20/Fire228_frame11221_11.jpg,851,403,1235,565,0,0.6419777,1920,1080
Fire153_frame7621_1.jpg,/Users/xiao/Documents/EarlyFireDetectionRedo/TrainYourOwnYOLO/Data/Source_Images/TestUE400/image_slices_20_20/Fire153_frame7621_1.jpg,630,312,1012,543,0,0.5155297,1920,1080
Fire233_frame11461_8.jpg,/Users/xiao/Documents/EarlyFireDetectionRedo/TrainYourOwnYOLO/Data/Source_Images/TestUE400/image_slices_20_20/Fire233_frame11461_8.jpg,0,108,623,638,0,0.6628357,1920,1080
Fire233_frame11461_8.jpg,/Users/xiao/Documents/EarlyFireDetectionRedo/TrainYourOwnYOLO/Data/Source_Images/TestUE400/image_slices_20_20/Fire233_frame11461_8.jpg,76,0,410,847,0,0.67535037,1920,1080
Fire250_frame12277_8.jpg,/Users/xiao/Documents/EarlyFireDetectionRedo/TrainYourOwnYOLO/Data/Source_Images/TestUE400/image_slices_20_20/Fire250_frame12277_8.jpg,0,0,349,464,0,0.5070295,1920,1080
Fire254_frame12469_4.jpg,/Users/xiao/Documents/EarlyFireDetectionRedo/TrainYourOwnYOLO/Data/Source_Images/TestUE400/image_slices_20_20/Fire254_frame12469_4.jpg,0,69,856,432,0,0.30163908,1920,1080
Fire254_frame12469_4.jpg,/Users/xiao/Documents/EarlyFireDetectionRedo/TrainYourOwnYOLO/Data/Source_Images/TestUE400/image_slices_20_20/Fire254_frame12469_4.jpg,0,0,682,839,0,0.54316616,1920,1080
Fire280_frame13717_11.jpg,/Users/xiao/Documents/EarlyFireDetectionRedo/TrainYourOwnYOLO/Data/Source_Images/TestUE400/image_slices_20_20/Fire280_frame13717_11.jpg,49,675,789,1025,0,0.66112214,1920,1080
Fire235_frame11557_8.jpg,/Users/xiao/Documents/EarlyFireDetectionRedo/TrainYourOwnYOLO/Data/Source_Images/TestUE400/image_slices_20_20/Fire235_frame11557_8.jpg,0,317,206,1015,0,0.797101,1920,1080
Fire237_frame11653_4.jpg,/Users/xiao/Documents/EarlyFireDetectionRedo/TrainYourOwnYOLO/Data/Source_Images/TestUE400/image_slices_20_20/Fire237_frame11653_4.jpg,76,348,953,1046,0,0.7578525,1920,1080
Fire198_frame9781_8.jpg,/Users/xiao/Documents/EarlyFireDetectionRedo/TrainYourOwnYOLO/Data/Source_Images/TestUE400/image_slices_20_20/Fire198_frame9781_8.jpg,0,663,869,1057,0,0.70036256,1920,1080
Fire195_frame9637_8.jpg,/Users/xiao/Documents/EarlyFireDetectionRedo/TrainYourOwnYOLO/Data/Source_Images/TestUE400/image_slices_20_20/Fire195_frame9637_8.jpg,74,293,1034,1080,0,0.49813664,1920,1080
Fire150_frame7477_1.jpg,/Users/xiao/Documents/EarlyFireDetectionRedo/TrainYourOwnYOLO/Data/Source_Images/TestUE400/image_slices_20_20/Fire150_frame7477_1.jpg,667,185,1046,385,0,0.83782697,1920,1080
Fire152_frame7573_8.jpg,/Users/xiao/Documents/EarlyFireDetectionRedo/TrainYourOwnYOLO/Data/Source_Images/TestUE400/image_slices_20_20/Fire152_frame7573_8.jpg,787,0,1502,839,0,0.4493336,1920,1080
Fire168_frame8341_11.jpg,/Users/xiao/Documents/EarlyFireDetectionRedo/TrainYourOwnYOLO/Data/Source_Images/TestUE400/image_slices_20_20/Fire168_frame8341_11.jpg,1112,257,1367,457,0,0.45515707,1920,1080
Fire278_frame13621_11.jpg,/Users/xiao/Documents/EarlyFireDetectionRedo/TrainYourOwnYOLO/Data/Source_Images/TestUE400/image_slices_20_20/Fire278_frame13621_11.jpg,390,506,970,1045,0,0.90151846,1920,1080
Fire200_frame9877_4.jpg,/Users/xiao/Documents/EarlyFireDetectionRedo/TrainYourOwnYOLO/Data/Source_Images/TestUE400/image_slices_20_20/Fire200_frame9877_4.jpg,880,290,1876,1053,0,0.63566744,1920,1080
Fire206_frame10165_1.jpg,/Users/xiao/Documents/EarlyFireDetectionRedo/TrainYourOwnYOLO/Data/Source_Images/TestUE400/image_slices_20_20/Fire206_frame10165_1.jpg,534,35,827,209,0,0.28805274,1920,1080
Fire288_frame14101_1.jpg,/Users/xiao/Documents/EarlyFireDetectionRedo/TrainYourOwnYOLO/Data/Source_Images/TestUE400/image_slices_20_20/Fire288_frame14101_1.jpg,328,130,473,315,0,0.47273365,1920,1080
Fire229_frame11269_8.jpg,/Users/xiao/Documents/EarlyFireDetectionRedo/TrainYourOwnYOLO/Data/Source_Images/TestUE400/image_slices_20_20/Fire229_frame11269_8.jpg,0,0,748,434,0,0.46563557,1920,1080
Fire175_frame8677_8.jpg,/Users/xiao/Documents/EarlyFireDetectionRedo/TrainYourOwnYOLO/Data/Source_Images/TestUE400/image_slices_20_20/Fire175_frame8677_8.jpg,486,0,1364,1080,0,0.52364326,1920,1080
Fire254_frame12469_1.jpg,/Users/xiao/Documents/EarlyFireDetectionRedo/TrainYourOwnYOLO/Data/Source_Images/TestUE400/image_slices_20_20/Fire254_frame12469_1.jpg,0,144,372,705,0,0.3196599,1920,1080
Fire172_frame8533_8.jpg,/Users/xiao/Documents/EarlyFireDetectionRedo/TrainYourOwnYOLO/Data/Source_Images/TestUE400/image_slices_20_20/Fire172_frame8533_8.jpg,555,94,1284,728,0,0.8285888,1920,1080
Fire170_frame8437_1.jpg,/Users/xiao/Documents/EarlyFireDetectionRedo/TrainYourOwnYOLO/Data/Source_Images/TestUE400/image_slices_20_20/Fire170_frame8437_1.jpg,611,197,943,360,0,0.71071136,1920,1080
Fire148_frame7381_11.jpg,/Users/xiao/Documents/EarlyFireDetectionRedo/TrainYourOwnYOLO/Data/Source_Images/TestUE400/image_slices_20_20/Fire148_frame7381_11.jpg,1198,317,1425,511,0,0.2967852,1920,1080
Fire237_frame11653_1.jpg,/Users/xiao/Documents/EarlyFireDetectionRedo/TrainYourOwnYOLO/Data/Source_Images/TestUE400/image_slices_20_20/Fire237_frame11653_1.jpg,21,364,321,943,0,0.7170616,1920,1080
Fire213_frame10501_8.jpg,/Users/xiao/Documents/EarlyFireDetectionRedo/TrainYourOwnYOLO/Data/Source_Images/TestUE400/image_slices_20_20/Fire213_frame10501_8.jpg,0,256,966,593,0,0.37057123,1920,1080
Fire213_frame10501_8.jpg,/Users/xiao/Documents/EarlyFireDetectionRedo/TrainYourOwnYOLO/Data/Source_Images/TestUE400/image_slices_20_20/Fire213_frame10501_8.jpg,151,123,664,741,0,0.82648176,1920,1080
Fire149_frame7429_11.jpg,/Users/xiao/Documents/EarlyFireDetectionRedo/TrainYourOwnYOLO/Data/Source_Images/TestUE400/image_slices_20_20/Fire149_frame7429_11.jpg,1187,354,1506,537,0,0.5639052,1920,1080
Fire267_frame13093_1.jpg,/Users/xiao/Documents/EarlyFireDetectionRedo/TrainYourOwnYOLO/Data/Source_Images/TestUE400/image_slices_20_20/Fire267_frame13093_1.jpg,367,143,585,300,0,0.6213987,1920,1080
Fire50_frame2677_11.jpg,/Users/xiao/Documents/EarlyFireDetectionRedo/TrainYourOwnYOLO/Data/Source_Images/TestUE400/image_slices_20_20/Fire50_frame2677_11.jpg,1648,475,1874,563,0,0.34587577,1920,1080
Fire155_frame7717_11.jpg,/Users/xiao/Documents/EarlyFireDetectionRedo/TrainYourOwnYOLO/Data/Source_Images/TestUE400/image_slices_20_20/Fire155_frame7717_11.jpg,1422,583,1905,733,0,0.7569155,1920,1080
Fire290_frame14197_1.jpg,/Users/xiao/Documents/EarlyFireDetectionRedo/TrainYourOwnYOLO/Data/Source_Images/TestUE400/image_slices_20_20/Fire290_frame14197_1.jpg,260,72,369,249,0,0.28717828,1920,1080
Fire212_frame10453_11.jpg,/Users/xiao/Documents/EarlyFireDetectionRedo/TrainYourOwnYOLO/Data/Source_Images/TestUE400/image_slices_20_20/Fire212_frame10453_11.jpg,904,552,1419,653,0,0.91231114,1920,1080
Fire155_frame7717_8.jpg,/Users/xiao/Documents/EarlyFireDetectionRedo/TrainYourOwnYOLO/Data/Source_Images/TestUE400/image_slices_20_20/Fire155_frame7717_8.jpg,774,68,1709,778,0,0.4898979,1920,1080
Fire192_frame9493_8.jpg,/Users/xiao/Documents/EarlyFireDetectionRedo/TrainYourOwnYOLO/Data/Source_Images/TestUE400/image_slices_20_20/Fire192_frame9493_8.jpg,210,169,1202,557,0,0.48854038,1920,1080
Fire192_frame9493_8.jpg,/Users/xiao/Documents/EarlyFireDetectionRedo/TrainYourOwnYOLO/Data/Source_Images/TestUE400/image_slices_20_20/Fire192_frame9493_8.jpg,319,0,1040,748,0,0.6213996,1920,1080
Fire376_frame18325_11.jpg,/Users/xiao/Documents/EarlyFireDetectionRedo/TrainYourOwnYOLO/Data/Source_Images/TestUE400/image_slices_20_20/Fire376_frame18325_11.jpg,0,488,287,866,0,0.30171102,1920,1080
Fire376_frame18325_11.jpg,/Users/xiao/Documents/EarlyFireDetectionRedo/TrainYourOwnYOLO/Data/Source_Images/TestUE400/image_slices_20_20/Fire376_frame18325_11.jpg,0,610,243,814,0,0.7158786,1920,1080
Fire168_frame8341_1.jpg,/Users/xiao/Documents/EarlyFireDetectionRedo/TrainYourOwnYOLO/Data/Source_Images/TestUE400/image_slices_20_20/Fire168_frame8341_1.jpg,674,79,967,228,0,0.38248,1920,1080
Fire214_frame10549_11.jpg,/Users/xiao/Documents/EarlyFireDetectionRedo/TrainYourOwnYOLO/Data/Source_Images/TestUE400/image_slices_20_20/Fire214_frame10549_11.jpg,1166,394,1317,873,0,0.3498455,1920,1080
Fire214_frame10549_11.jpg,/Users/xiao/Documents/EarlyFireDetectionRedo/TrainYourOwnYOLO/Data/Source_Images/TestUE400/image_slices_20_20/Fire214_frame10549_11.jpg,1046,538,1422,749,0,0.5605168,1920,1080
Fire186_frame9205_11.jpg,/Users/xiao/Documents/EarlyFireDetectionRedo/TrainYourOwnYOLO/Data/Source_Images/TestUE400/image_slices_20_20/Fire186_frame9205_11.jpg,1090,224,1219,381,0,0.4657425,1920,1080
Fire357_frame17413_11.jpg,/Users/xiao/Documents/EarlyFireDetectionRedo/TrainYourOwnYOLO/Data/Source_Images/TestUE400/image_slices_20_20/Fire357_frame17413_11.jpg,0,599,256,880,0,0.3444791,1920,1080
Fire226_frame11125_1.jpg,/Users/xiao/Documents/EarlyFireDetectionRedo/TrainYourOwnYOLO/Data/Source_Images/TestUE400/image_slices_20_20/Fire226_frame11125_1.jpg,488,23,742,241,0,0.30843982,1920,1080
Fire231_frame11365_8.jpg,/Users/xiao/Documents/EarlyFireDetectionRedo/TrainYourOwnYOLO/Data/Source_Images/TestUE400/image_slices_20_20/Fire231_frame11365_8.jpg,60,157,509,550,0,0.345322,1920,1080
Fire193_frame9541_1.jpg,/Users/xiao/Documents/EarlyFireDetectionRedo/TrainYourOwnYOLO/Data/Source_Images/TestUE400/image_slices_20_20/Fire193_frame9541_1.jpg,417,264,856,622,0,0.64985794,1920,1080
Fire191_frame9445_8.jpg,/Users/xiao/Documents/EarlyFireDetectionRedo/TrainYourOwnYOLO/Data/Source_Images/TestUE400/image_slices_20_20/Fire191_frame9445_8.jpg,381,72,1044,436,0,0.8561196,1920,1080
Fire228_frame11221_1.jpg,/Users/xiao/Documents/EarlyFireDetectionRedo/TrainYourOwnYOLO/Data/Source_Images/TestUE400/image_slices_20_20/Fire228_frame11221_1.jpg,400,168,703,342,0,0.37846407,1920,1080
Fire269_frame13189_1.jpg,/Users/xiao/Documents/EarlyFireDetectionRedo/TrainYourOwnYOLO/Data/Source_Images/TestUE400/image_slices_20_20/Fire269_frame13189_1.jpg,318,168,535,358,0,0.27085084,1920,1080
Fire30_frame1717_11.jpg,/Users/xiao/Documents/EarlyFireDetectionRedo/TrainYourOwnYOLO/Data/Source_Images/TestUE400/image_slices_20_20/Fire30_frame1717_11.jpg,1708,387,1916,605,0,0.36085275,1920,1080
Fire131_frame6565_11.jpg,/Users/xiao/Documents/EarlyFireDetectionRedo/TrainYourOwnYOLO/Data/Source_Images/TestUE400/image_slices_20_20/Fire131_frame6565_11.jpg,1285,507,1608,623,0,0.33642778,1920,1080
Fire317_frame15493_11.jpg,/Users/xiao/Documents/EarlyFireDetectionRedo/TrainYourOwnYOLO/Data/Source_Images/TestUE400/image_slices_20_20/Fire317_frame15493_11.jpg,278,479,524,999,0,0.32106367,1920,1080
Fire317_frame15493_11.jpg,/Users/xiao/Documents/EarlyFireDetectionRedo/TrainYourOwnYOLO/Data/Source_Images/TestUE400/image_slices_20_20/Fire317_frame15493_11.jpg,303,720,646,865,0,0.72714114,1920,1080
Fire230_frame11317_11.jpg,/Users/xiao/Documents/EarlyFireDetectionRedo/TrainYourOwnYOLO/Data/Source_Images/TestUE400/image_slices_20_20/Fire230_frame11317_11.jpg,787,449,1260,586,0,0.5535774,1920,1080
Fire230_frame11317_11.jpg,/Users/xiao/Documents/EarlyFireDetectionRedo/TrainYourOwnYOLO/Data/Source_Images/TestUE400/image_slices_20_20/Fire230_frame11317_11.jpg,889,401,1201,635,0,0.8228077,1920,1080
Fire153_frame7621_4.jpg,/Users/xiao/Documents/EarlyFireDetectionRedo/TrainYourOwnYOLO/Data/Source_Images/TestUE400/image_slices_20_20/Fire153_frame7621_4.jpg,1556,263,1895,556,0,0.49028775,1920,1080
Fire256_frame12565_11.jpg,/Users/xiao/Documents/EarlyFireDetectionRedo/TrainYourOwnYOLO/Data/Source_Images/TestUE400/image_slices_20_20/Fire256_frame12565_11.jpg,737,310,1113,977,0,0.8814272,1920,1080
Fire29_frame1669_11.jpg,/Users/xiao/Documents/EarlyFireDetectionRedo/TrainYourOwnYOLO/Data/Source_Images/TestUE400/image_slices_20_20/Fire29_frame1669_11.jpg,1682,431,1894,541,0,0.3714692,1920,1080
Fire211_frame10405_4.jpg,/Users/xiao/Documents/EarlyFireDetectionRedo/TrainYourOwnYOLO/Data/Source_Images/TestUE400/image_slices_20_20/Fire211_frame10405_4.jpg,600,0,1301,644,0,0.2788697,1920,1080
Fire211_frame10405_4.jpg,/Users/xiao/Documents/EarlyFireDetectionRedo/TrainYourOwnYOLO/Data/Source_Images/TestUE400/image_slices_20_20/Fire211_frame10405_4.jpg,723,0,1222,486,0,0.62056136,1920,1080
Fire212_frame10453_4.jpg,/Users/xiao/Documents/EarlyFireDetectionRedo/TrainYourOwnYOLO/Data/Source_Images/TestUE400/image_slices_20_20/Fire212_frame10453_4.jpg,518,0,1372,603,0,0.8971742,1920,1080
Fire256_frame12565_4.jpg,/Users/xiao/Documents/EarlyFireDetectionRedo/TrainYourOwnYOLO/Data/Source_Images/TestUE400/image_slices_20_20/Fire256_frame12565_4.jpg,0,22,764,833,0,0.77547807,1920,1080
Fire258_frame12661_11.jpg,/Users/xiao/Documents/EarlyFireDetectionRedo/TrainYourOwnYOLO/Data/Source_Images/TestUE400/image_slices_20_20/Fire258_frame12661_11.jpg,414,404,1410,1023,0,0.3367994,1920,1080
Fire258_frame12661_11.jpg,/Users/xiao/Documents/EarlyFireDetectionRedo/TrainYourOwnYOLO/Data/Source_Images/TestUE400/image_slices_20_20/Fire258_frame12661_11.jpg,694,367,1158,1069,0,0.7390362,1920,1080
Fire150_frame7477_11.jpg,/Users/xiao/Documents/EarlyFireDetectionRedo/TrainYourOwnYOLO/Data/Source_Images/TestUE400/image_slices_20_20/Fire150_frame7477_11.jpg,1172,459,1582,558,0,0.7043707,1920,1080
Fire219_frame10789_4.jpg,/Users/xiao/Documents/EarlyFireDetectionRedo/TrainYourOwnYOLO/Data/Source_Images/TestUE400/image_slices_20_20/Fire219_frame10789_4.jpg,240,205,1091,1080,0,0.82908124,1920,1080
Fire248_frame12181_11.jpg,/Users/xiao/Documents/EarlyFireDetectionRedo/TrainYourOwnYOLO/Data/Source_Images/TestUE400/image_slices_20_20/Fire248_frame12181_11.jpg,841,398,1113,559,0,0.3078696,1920,1080
Fire176_frame8725_11.jpg,/Users/xiao/Documents/EarlyFireDetectionRedo/TrainYourOwnYOLO/Data/Source_Images/TestUE400/image_slices_20_20/Fire176_frame8725_11.jpg,1401,609,1755,825,0,0.75304806,1920,1080
Fire108_frame5461_1.jpg,/Users/xiao/Documents/EarlyFireDetectionRedo/TrainYourOwnYOLO/Data/Source_Images/TestUE400/image_slices_20_20/Fire108_frame5461_1.jpg,899,136,1104,381,0,0.26247662,1920,1080
Fire108_frame5461_1.jpg,/Users/xiao/Documents/EarlyFireDetectionRedo/TrainYourOwnYOLO/Data/Source_Images/TestUE400/image_slices_20_20/Fire108_frame5461_1.jpg,844,190,1145,325,0,0.42158884,1920,1080
Fire210_frame10357_1.jpg,/Users/xiao/Documents/EarlyFireDetectionRedo/TrainYourOwnYOLO/Data/Source_Images/TestUE400/image_slices_20_20/Fire210_frame10357_1.jpg,408,194,756,409,0,0.4828057,1920,1080
Fire49_frame2629_11.jpg,/Users/xiao/Documents/EarlyFireDetectionRedo/TrainYourOwnYOLO/Data/Source_Images/TestUE400/image_slices_20_20/Fire49_frame2629_11.jpg,1630,423,1813,536,0,0.60985667,1920,1080
Fire255_frame12517_4.jpg,/Users/xiao/Documents/EarlyFireDetectionRedo/TrainYourOwnYOLO/Data/Source_Images/TestUE400/image_slices_20_20/Fire255_frame12517_4.jpg,0,0,775,622,0,0.6879801,1920,1080
Fire336_frame16405_11.jpg,/Users/xiao/Documents/EarlyFireDetectionRedo/TrainYourOwnYOLO/Data/Source_Images/TestUE400/image_slices_20_20/Fire336_frame16405_11.jpg,178,462,442,870,0,0.36018118,1920,1080
Fire336_frame16405_11.jpg,/Users/xiao/Documents/EarlyFireDetectionRedo/TrainYourOwnYOLO/Data/Source_Images/TestUE400/image_slices_20_20/Fire336_frame16405_11.jpg,56,523,574,823,0,0.45198694,1920,1080
Fire132_frame6613_4.jpg,/Users/xiao/Documents/EarlyFireDetectionRedo/TrainYourOwnYOLO/Data/Source_Images/TestUE400/image_slices_20_20/Fire132_frame6613_4.jpg,1760,130,1915,442,0,0.40597123,1920,1080
Fire295_frame14437_11.jpg,/Users/xiao/Documents/EarlyFireDetectionRedo/TrainYourOwnYOLO/Data/Source_Images/TestUE400/image_slices_20_20/Fire295_frame14437_11.jpg,416,272,872,720,0,0.2662152,1920,1080
Fire208_frame10261_11.jpg,/Users/xiao/Documents/EarlyFireDetectionRedo/TrainYourOwnYOLO/Data/Source_Images/TestUE400/image_slices_20_20/Fire208_frame10261_11.jpg,898,360,1339,534,0,0.41145244,1920,1080
Fire191_frame9445_11.jpg,/Users/xiao/Documents/EarlyFireDetectionRedo/TrainYourOwnYOLO/Data/Source_Images/TestUE400/image_slices_20_20/Fire191_frame9445_11.jpg,1048,449,1366,651,0,0.70866096,1920,1080
Fire238_frame11701_11.jpg,/Users/xiao/Documents/EarlyFireDetectionRedo/TrainYourOwnYOLO/Data/Source_Images/TestUE400/image_slices_20_20/Fire238_frame11701_11.jpg,993,454,1284,941,0,0.29091915,1920,1080
Fire238_frame11701_11.jpg,/Users/xiao/Documents/EarlyFireDetectionRedo/TrainYourOwnYOLO/Data/Source_Images/TestUE400/image_slices_20_20/Fire238_frame11701_11.jpg,934,680,1455,943,0,0.29289824,1920,1080
Fire318_frame15541_11.jpg,/Users/xiao/Documents/EarlyFireDetectionRedo/TrainYourOwnYOLO/Data/Source_Images/TestUE400/image_slices_20_20/Fire318_frame15541_11.jpg,145,473,546,1080,0,0.9524595,1920,1080
Fire170_frame8437_11.jpg,/Users/xiao/Documents/EarlyFireDetectionRedo/TrainYourOwnYOLO/Data/Source_Images/TestUE400/image_slices_20_20/Fire170_frame8437_11.jpg,1194,390,1391,621,0,0.6117107,1920,1080
Fire170_frame8437_11.jpg,/Users/xiao/Documents/EarlyFireDetectionRedo/TrainYourOwnYOLO/Data/Source_Images/TestUE400/image_slices_20_20/Fire170_frame8437_11.jpg,1132,454,1449,545,0,0.8068165,1920,1080
Fire217_frame10693_4.jpg,/Users/xiao/Documents/EarlyFireDetectionRedo/TrainYourOwnYOLO/Data/Source_Images/TestUE400/image_slices_20_20/Fire217_frame10693_4.jpg,429,0,1464,1080,0,0.29926056,1920,1080
Fire275_frame13477_1.jpg,/Users/xiao/Documents/EarlyFireDetectionRedo/TrainYourOwnYOLO/Data/Source_Images/TestUE400/image_slices_20_20/Fire275_frame13477_1.jpg,3,9,103,466,0,0.3088351,1920,1080
Fire275_frame13477_1.jpg,/Users/xiao/Documents/EarlyFireDetectionRedo/TrainYourOwnYOLO/Data/Source_Images/TestUE400/image_slices_20_20/Fire275_frame13477_1.jpg,1,167,177,403,0,0.460556,1920,1080
Fire156_frame7765_11.jpg,/Users/xiao/Documents/EarlyFireDetectionRedo/TrainYourOwnYOLO/Data/Source_Images/TestUE400/image_slices_20_20/Fire156_frame7765_11.jpg,1555,530,1782,813,0,0.61286396,1920,1080
Fire215_frame10597_8.jpg,/Users/xiao/Documents/EarlyFireDetectionRedo/TrainYourOwnYOLO/Data/Source_Images/TestUE400/image_slices_20_20/Fire215_frame10597_8.jpg,14,329,679,1030,0,0.35758156,1920,1080
Fire134_frame6709_11.jpg,/Users/xiao/Documents/EarlyFireDetectionRedo/TrainYourOwnYOLO/Data/Source_Images/TestUE400/image_slices_20_20/Fire134_frame6709_11.jpg,1484,582,1805,694,0,0.8664918,1920,1080
Fire154_frame7669_8.jpg,/Users/xiao/Documents/EarlyFireDetectionRedo/TrainYourOwnYOLO/Data/Source_Images/TestUE400/image_slices_20_20/Fire154_frame7669_8.jpg,786,310,1513,680,0,0.83822495,1920,1080
Fire251_frame12325_1.jpg,/Users/xiao/Documents/EarlyFireDetectionRedo/TrainYourOwnYOLO/Data/Source_Images/TestUE400/image_slices_20_20/Fire251_frame12325_1.jpg,304,257,545,458,0,0.43578818,1920,1080
Fire251_frame12325_1.jpg,/Users/xiao/Documents/EarlyFireDetectionRedo/TrainYourOwnYOLO/Data/Source_Images/TestUE400/image_slices_20_20/Fire251_frame12325_1.jpg,213,272,623,404,0,0.5046247,1920,1080
Fire113_frame5701_11.jpg,/Users/xiao/Documents/EarlyFireDetectionRedo/TrainYourOwnYOLO/Data/Source_Images/TestUE400/image_slices_20_20/Fire113_frame5701_11.jpg,1532,545,1896,706,0,0.6508235,1920,1080
Fire116_frame5845_8.jpg,/Users/xiao/Documents/EarlyFireDetectionRedo/TrainYourOwnYOLO/Data/Source_Images/TestUE400/image_slices_20_20/Fire116_frame5845_8.jpg,1749,180,1906,416,0,0.6636116,1920,1080
Fire175_frame8677_11.jpg,/Users/xiao/Documents/EarlyFireDetectionRedo/TrainYourOwnYOLO/Data/Source_Images/TestUE400/image_slices_20_20/Fire175_frame8677_11.jpg,1414,342,1662,955,0,0.8907021,1920,1080
Fire252_frame12373_1.jpg,/Users/xiao/Documents/EarlyFireDetectionRedo/TrainYourOwnYOLO/Data/Source_Images/TestUE400/image_slices_20_20/Fire252_frame12373_1.jpg,119,222,560,385,0,0.59790015,1920,1080
Fire179_frame8869_8.jpg,/Users/xiao/Documents/EarlyFireDetectionRedo/TrainYourOwnYOLO/Data/Source_Images/TestUE400/image_slices_20_20/Fire179_frame8869_8.jpg,0,239,1920,844,0,0.28338182,1920,1080
Fire171_frame8485_11.jpg,/Users/xiao/Documents/EarlyFireDetectionRedo/TrainYourOwnYOLO/Data/Source_Images/TestUE400/image_slices_20_20/Fire171_frame8485_11.jpg,1113,517,1516,645,0,0.678204,1920,1080
Fire171_frame8485_11.jpg,/Users/xiao/Documents/EarlyFireDetectionRedo/TrainYourOwnYOLO/Data/Source_Images/TestUE400/image_slices_20_20/Fire171_frame8485_11.jpg,1190,451,1481,712,0,0.6868153,1920,1080
Fire232_frame11413_1.jpg,/Users/xiao/Documents/EarlyFireDetectionRedo/TrainYourOwnYOLO/Data/Source_Images/TestUE400/image_slices_20_20/Fire232_frame11413_1.jpg,200,331,777,500,0,0.48165843,1920,1080
Fire171_frame8485_8.jpg,/Users/xiao/Documents/EarlyFireDetectionRedo/TrainYourOwnYOLO/Data/Source_Images/TestUE400/image_slices_20_20/Fire171_frame8485_8.jpg,603,5,1264,662,0,0.5076406,1920,1080
Fire173_frame8581_1.jpg,/Users/xiao/Documents/EarlyFireDetectionRedo/TrainYourOwnYOLO/Data/Source_Images/TestUE400/image_slices_20_20/Fire173_frame8581_1.jpg,567,330,932,621,0,0.6920553,1920,1080
Fire276_frame13525_1.jpg,/Users/xiao/Documents/EarlyFireDetectionRedo/TrainYourOwnYOLO/Data/Source_Images/TestUE400/image_slices_20_20/Fire276_frame13525_1.jpg,11,231,83,779,0,0.48126504,1920,1080
Fire156_frame7765_8.jpg,/Users/xiao/Documents/EarlyFireDetectionRedo/TrainYourOwnYOLO/Data/Source_Images/TestUE400/image_slices_20_20/Fire156_frame7765_8.jpg,991,173,1203,848,0,0.68206227,1920,1080
Fire139_frame6949_1.jpg,/Users/xiao/Documents/EarlyFireDetectionRedo/TrainYourOwnYOLO/Data/Source_Images/TestUE400/image_slices_20_20/Fire139_frame6949_1.jpg,667,97,1145,604,0,0.65246695,1920,1080
Fire158_frame7861_1.jpg,/Users/xiao/Documents/EarlyFireDetectionRedo/TrainYourOwnYOLO/Data/Source_Images/TestUE400/image_slices_20_20/Fire158_frame7861_1.jpg,366,321,968,704,0,0.46203625,1920,1080
Fire217_frame10693_11.jpg,/Users/xiao/Documents/EarlyFireDetectionRedo/TrainYourOwnYOLO/Data/Source_Images/TestUE400/image_slices_20_20/Fire217_frame10693_11.jpg,1254,388,1503,988,0,0.67742926,1920,1080
Fire210_frame10357_11.jpg,/Users/xiao/Documents/EarlyFireDetectionRedo/TrainYourOwnYOLO/Data/Source_Images/TestUE400/image_slices_20_20/Fire210_frame10357_11.jpg,952,405,1275,639,0,0.779864,1920,1080
Fire276_frame13525_11.jpg,/Users/xiao/Documents/EarlyFireDetectionRedo/TrainYourOwnYOLO/Data/Source_Images/TestUE400/image_slices_20_20/Fire276_frame13525_11.jpg,596,275,961,978,0,0.6714402,1920,1080
Fire253_frame12421_1.jpg,/Users/xiao/Documents/EarlyFireDetectionRedo/TrainYourOwnYOLO/Data/Source_Images/TestUE400/image_slices_20_20/Fire253_frame12421_1.jpg,28,234,573,429,0,0.3336774,1920,1080
Fire331_frame16165_11.jpg,/Users/xiao/Documents/EarlyFireDetectionRedo/TrainYourOwnYOLO/Data/Source_Images/TestUE400/image_slices_20_20/Fire331_frame16165_11.jpg,356,210,804,403,0,0.2930775,1920,1080
Fire131_frame6565_1.jpg,/Users/xiao/Documents/EarlyFireDetectionRedo/TrainYourOwnYOLO/Data/Source_Images/TestUE400/image_slices_20_20/Fire131_frame6565_1.jpg,741,258,1128,398,0,0.80897397,1920,1080
Fire217_frame10693_1.jpg,/Users/xiao/Documents/EarlyFireDetectionRedo/TrainYourOwnYOLO/Data/Source_Images/TestUE400/image_slices_20_20/Fire217_frame10693_1.jpg,55,462,509,836,0,0.86076313,1920,1080
Fire230_frame11317_1.jpg,/Users/xiao/Documents/EarlyFireDetectionRedo/TrainYourOwnYOLO/Data/Source_Images/TestUE400/image_slices_20_20/Fire230_frame11317_1.jpg,254,240,763,381,0,0.32937592,1920,1080
Fire230_frame11317_1.jpg,/Users/xiao/Documents/EarlyFireDetectionRedo/TrainYourOwnYOLO/Data/Source_Images/TestUE400/image_slices_20_20/Fire230_frame11317_1.jpg,346,172,711,456,0,0.49025282,1920,1080
Fire230_frame11317_1.jpg,/Users/xiao/Documents/EarlyFireDetectionRedo/TrainYourOwnYOLO/Data/Source_Images/TestUE400/image_slices_20_20/Fire230_frame11317_1.jpg,434,189,612,424,0,0.60029876,1920,1080
Fire196_frame9685_8.jpg,/Users/xiao/Documents/EarlyFireDetectionRedo/TrainYourOwnYOLO/Data/Source_Images/TestUE400/image_slices_20_20/Fire196_frame9685_8.jpg,195,218,1094,1080,0,0.69807774,1920,1080
Fire127_frame6373_1.jpg,/Users/xiao/Documents/EarlyFireDetectionRedo/TrainYourOwnYOLO/Data/Source_Images/TestUE400/image_slices_20_20/Fire127_frame6373_1.jpg,814,128,1129,260,0,0.2553562,1920,1080
Fire178_frame8821_4.jpg,/Users/xiao/Documents/EarlyFireDetectionRedo/TrainYourOwnYOLO/Data/Source_Images/TestUE400/image_slices_20_20/Fire178_frame8821_4.jpg,1363,0,1920,875,0,0.36129394,1920,1080
Fire178_frame8821_4.jpg,/Users/xiao/Documents/EarlyFireDetectionRedo/TrainYourOwnYOLO/Data/Source_Images/TestUE400/image_slices_20_20/Fire178_frame8821_4.jpg,1609,0,1842,678,0,0.48532918,1920,1080
Fire157_frame7813_8.jpg,/Users/xiao/Documents/EarlyFireDetectionRedo/TrainYourOwnYOLO/Data/Source_Images/TestUE400/image_slices_20_20/Fire157_frame7813_8.jpg,422,134,902,898,0,0.3116777,1920,1080
Fire214_frame10549_8.jpg,/Users/xiao/Documents/EarlyFireDetectionRedo/TrainYourOwnYOLO/Data/Source_Images/TestUE400/image_slices_20_20/Fire214_frame10549_8.jpg,0,18,782,1036,0,0.94514525,1920,1080
Fire334_frame16309_11.jpg,/Users/xiao/Documents/EarlyFireDetectionRedo/TrainYourOwnYOLO/Data/Source_Images/TestUE400/image_slices_20_20/Fire334_frame16309_11.jpg,308,377,657,524,0,0.50610983,1920,1080
Fire151_frame7525_8.jpg,/Users/xiao/Documents/EarlyFireDetectionRedo/TrainYourOwnYOLO/Data/Source_Images/TestUE400/image_slices_20_20/Fire151_frame7525_8.jpg,751,86,1567,588,0,0.28111437,1920,1080
Fire257_frame12613_11.jpg,/Users/xiao/Documents/EarlyFireDetectionRedo/TrainYourOwnYOLO/Data/Source_Images/TestUE400/image_slices_20_20/Fire257_frame12613_11.jpg,663,521,1286,1018,0,0.8493339,1920,1080
Fire176_frame8725_8.jpg,/Users/xiao/Documents/EarlyFireDetectionRedo/TrainYourOwnYOLO/Data/Source_Images/TestUE400/image_slices_20_20/Fire176_frame8725_8.jpg,540,317,1338,1015,0,0.5713669,1920,1080
Fire159_frame7909_8.jpg,/Users/xiao/Documents/EarlyFireDetectionRedo/TrainYourOwnYOLO/Data/Source_Images/TestUE400/image_slices_20_20/Fire159_frame7909_8.jpg,1339,55,1760,687,0,0.2619965,1920,1080
Fire174_frame8629_8.jpg,/Users/xiao/Documents/EarlyFireDetectionRedo/TrainYourOwnYOLO/Data/Source_Images/TestUE400/image_slices_20_20/Fire174_frame8629_8.jpg,527,251,1359,902,0,0.67989814,1920,1080
Fire173_frame8581_4.jpg,/Users/xiao/Documents/EarlyFireDetectionRedo/TrainYourOwnYOLO/Data/Source_Images/TestUE400/image_slices_20_20/Fire173_frame8581_4.jpg,1256,79,1790,685,0,0.9231645,1920,1080
Fire232_frame11413_4.jpg,/Users/xiao/Documents/EarlyFireDetectionRedo/TrainYourOwnYOLO/Data/Source_Images/TestUE400/image_slices_20_20/Fire232_frame11413_4.jpg,387,0,1155,707,0,0.6249465,1920,1080
Fire148_frame7381_1.jpg,/Users/xiao/Documents/EarlyFireDetectionRedo/TrainYourOwnYOLO/Data/Source_Images/TestUE400/image_slices_20_20/Fire148_frame7381_1.jpg,701,66,988,305,0,0.6893879,1920,1080
Fire138_frame6901_8.jpg,/Users/xiao/Documents/EarlyFireDetectionRedo/TrainYourOwnYOLO/Data/Source_Images/TestUE400/image_slices_20_20/Fire138_frame6901_8.jpg,1274,143,1858,576,0,0.58018994,1920,1080
Fire234_frame11509_11.jpg,/Users/xiao/Documents/EarlyFireDetectionRedo/TrainYourOwnYOLO/Data/Source_Images/TestUE400/image_slices_20_20/Fire234_frame11509_11.jpg,902,541,1239,753,0,0.4463318,1920,1080
Fire234_frame11509_11.jpg,/Users/xiao/Documents/EarlyFireDetectionRedo/TrainYourOwnYOLO/Data/Source_Images/TestUE400/image_slices_20_20/Fire234_frame11509_11.jpg,952,376,1295,869,0,0.56988806,1920,1080
Fire276_frame13525_4.jpg,/Users/xiao/Documents/EarlyFireDetectionRedo/TrainYourOwnYOLO/Data/Source_Images/TestUE400/image_slices_20_20/Fire276_frame13525_4.jpg,0,0,336,816,0,0.4954336,1920,1080
Fire249_frame12229_1.jpg,/Users/xiao/Documents/EarlyFireDetectionRedo/TrainYourOwnYOLO/Data/Source_Images/TestUE400/image_slices_20_20/Fire249_frame12229_1.jpg,327,249,656,357,0,0.7745493,1920,1080
Fire211_frame10405_1.jpg,/Users/xiao/Documents/EarlyFireDetectionRedo/TrainYourOwnYOLO/Data/Source_Images/TestUE400/image_slices_20_20/Fire211_frame10405_1.jpg,373,306,776,443,0,0.692476,1920,1080
Fire315_frame15397_11.jpg,/Users/xiao/Documents/EarlyFireDetectionRedo/TrainYourOwnYOLO/Data/Source_Images/TestUE400/image_slices_20_20/Fire315_frame15397_11.jpg,442,288,655,824,0,0.6429943,1920,1080
Fire195_frame9637_11.jpg,/Users/xiao/Documents/EarlyFireDetectionRedo/TrainYourOwnYOLO/Data/Source_Images/TestUE400/image_slices_20_20/Fire195_frame9637_11.jpg,1148,620,1595,806,0,0.30867562,1920,1080
Fire195_frame9637_11.jpg,/Users/xiao/Documents/EarlyFireDetectionRedo/TrainYourOwnYOLO/Data/Source_Images/TestUE400/image_slices_20_20/Fire195_frame9637_11.jpg,1067,531,1752,872,0,0.3288902,1920,1080
Fire212_frame10453_1.jpg,/Users/xiao/Documents/EarlyFireDetectionRedo/TrainYourOwnYOLO/Data/Source_Images/TestUE400/image_slices_20_20/Fire212_frame10453_1.jpg,340,311,753,518,0,0.81356335,1920,1080
Fire232_frame11413_11.jpg,/Users/xiao/Documents/EarlyFireDetectionRedo/TrainYourOwnYOLO/Data/Source_Images/TestUE400/image_slices_20_20/Fire232_frame11413_11.jpg,760,532,1417,643,0,0.83649856,1920,1080
Fire108_frame5461_11.jpg,/Users/xiao/Documents/EarlyFireDetectionRedo/TrainYourOwnYOLO/Data/Source_Images/TestUE400/image_slices_20_20/Fire108_frame5461_11.jpg,1349,412,1629,552,0,0.6699796,1920,1080
Fire256_frame12565_1.jpg,/Users/xiao/Documents/EarlyFireDetectionRedo/TrainYourOwnYOLO/Data/Source_Images/TestUE400/image_slices_20_20/Fire256_frame12565_1.jpg,0,341,305,818,0,0.8440659,1920,1080
Fire296_frame14485_11.jpg,/Users/xiao/Documents/EarlyFireDetectionRedo/TrainYourOwnYOLO/Data/Source_Images/TestUE400/image_slices_20_20/Fire296_frame14485_11.jpg,59,419,1078,840,0,0.709337,1920,1080
Fire374_frame18229_11.jpg,/Users/xiao/Documents/EarlyFireDetectionRedo/TrainYourOwnYOLO/Data/Source_Images/TestUE400/image_slices_20_20/Fire374_frame18229_11.jpg,4,327,461,650,0,0.3161572,1920,1080
Fire272_frame13333_1.jpg,/Users/xiao/Documents/EarlyFireDetectionRedo/TrainYourOwnYOLO/Data/Source_Images/TestUE400/image_slices_20_20/Fire272_frame13333_1.jpg,125,93,405,366,0,0.3410793,1920,1080
Fire272_frame13333_1.jpg,/Users/xiao/Documents/EarlyFireDetectionRedo/TrainYourOwnYOLO/Data/Source_Images/TestUE400/image_slices_20_20/Fire272_frame13333_1.jpg,0,131,558,327,0,0.750206,1920,1080
Fire89_frame4549_8.jpg,/Users/xiao/Documents/EarlyFireDetectionRedo/TrainYourOwnYOLO/Data/Source_Images/TestUE400/image_slices_20_20/Fire89_frame4549_8.jpg,1589,24,1889,204,0,0.52729505,1920,1080
Fire254_frame12469_11.jpg,/Users/xiao/Documents/EarlyFireDetectionRedo/TrainYourOwnYOLO/Data/Source_Images/TestUE400/image_slices_20_20/Fire254_frame12469_11.jpg,744,428,1130,715,0,0.68790454,1920,1080
Fire133_frame6661_11.jpg,/Users/xiao/Documents/EarlyFireDetectionRedo/TrainYourOwnYOLO/Data/Source_Images/TestUE400/image_slices_20_20/Fire133_frame6661_11.jpg,1362,601,1808,703,0,0.36970708,1920,1080
Fire355_frame17317_11.jpg,/Users/xiao/Documents/EarlyFireDetectionRedo/TrainYourOwnYOLO/Data/Source_Images/TestUE400/image_slices_20_20/Fire355_frame17317_11.jpg,163,467,472,717,0,0.56803554,1920,1080
Fire236_frame11605_8.jpg,/Users/xiao/Documents/EarlyFireDetectionRedo/TrainYourOwnYOLO/Data/Source_Images/TestUE400/image_slices_20_20/Fire236_frame11605_8.jpg,0,558,265,1066,0,0.66973865,1920,1080
Fire255_frame12517_1.jpg,/Users/xiao/Documents/EarlyFireDetectionRedo/TrainYourOwnYOLO/Data/Source_Images/TestUE400/image_slices_20_20/Fire255_frame12517_1.jpg,0,267,457,738,0,0.530801,1920,1080
Fire255_frame12517_1.jpg,/Users/xiao/Documents/EarlyFireDetectionRedo/TrainYourOwnYOLO/Data/Source_Images/TestUE400/image_slices_20_20/Fire255_frame12517_1.jpg,104,202,336,766,0,0.75384235,1920,1080
Fire297_frame14533_11.jpg,/Users/xiao/Documents/EarlyFireDetectionRedo/TrainYourOwnYOLO/Data/Source_Images/TestUE400/image_slices_20_20/Fire297_frame14533_11.jpg,311,528,739,1062,0,0.94123423,1920,1080
Fire132_frame6613_1.jpg,/Users/xiao/Documents/EarlyFireDetectionRedo/TrainYourOwnYOLO/Data/Source_Images/TestUE400/image_slices_20_20/Fire132_frame6613_1.jpg,702,262,1151,466,0,0.36401632,1920,1080
