Fire#,X,Y,Z,oriX,oriY
0,51000.0,35700.0,3814.8475071966022,1000,700
1,53550.0,35700.0,3570.973146836888,1050,700
2,56100.0,35700.0,3241.79306411377,1100,700
3,58650.0,35700.0,2878.5912999702796,1150,700
4,61200.0,35700.0,2576.678436199265,1200,700
5,63750.0,35700.0,2407.4707674087313,1250,700
6,66300.0,35700.0,1322.6013377464278,1300,700
7,68850.0,35700.0,251.61273690577036,1350,700
8,71400.0,35700.0,-620.5083228736039,1400,700
9,73950.0,35700.0,-819.8789015598322,1450,700
10,76500.0,35700.0,-1470.3430960811966,1500,700
11,79050.0,35700.0,-1839.789835867692,1550,700
12,81600.0,35700.0,-2873.024818036254,1600,700
13,84150.0,35700.0,-5453.17788731215,1650,700
14,86700.0,35700.0,-5460.676157550635,1700,700
15,89250.0,35700.0,-4280.4875471617215,1750,700
16,91800.0,35700.0,-3760.3595413700295,1800,700
17,94350.0,35700.0,-2044.5691438887916,1850,700
18,96900.0,35700.0,84.28608487517704,1900,700
19,99450.0,35700.0,2779.4240963861885,1950,700
20,51000.0,38250.0,4188.800088273198,1000,750
21,53550.0,38250.0,4066.7769187557424,1050,750
22,56100.0,38250.0,3787.3954111686617,1100,750
23,58650.0,38250.0,3689.7459193931645,1150,750
24,61200.0,38250.0,3330.4824669116297,1200,750
25,63750.0,38250.0,2666.9177968073163,1250,750
26,66300.0,38250.0,1236.685091086083,1300,750
27,68850.0,38250.0,-351.65191020843304,1350,750
28,71400.0,38250.0,-1431.1427068040248,1400,750
29,73950.0,38250.0,-1986.687571018605,1450,750
30,76500.0,38250.0,-2811.740217130655,1500,750
31,79050.0,38250.0,-2757.5024424411567,1550,750
32,81600.0,38250.0,-4650.635100049635,1600,750
33,84150.0,38250.0,-5447.366082957293,1650,750
34,86700.0,38250.0,-5643.592676487619,1700,750
35,89250.0,38250.0,-4710.4213367476,1750,750
36,91800.0,38250.0,-2351.080287487819,1800,750
37,94350.0,38250.0,-1054.9737505508601,1850,750
38,96900.0,38250.0,1617.7296427810143,1900,750
39,99450.0,38250.0,2361.821177811762,1950,750
40,51000.0,40800.0,6392.622971287932,1000,800
41,53550.0,40800.0,6276.509418996851,1050,800
42,56100.0,40800.0,5862.7308762120665,1100,800
43,58650.0,40800.0,5828.466274912982,1150,800
44,61200.0,40800.0,5211.064980697782,1200,800
45,63750.0,40800.0,3319.138323549105,1250,800
46,66300.0,40800.0,1836.7659829757467,1300,800
47,68850.0,40800.0,-475.63348688966653,1350,800
48,71400.0,40800.0,-1207.1211347620902,1400,800
49,73950.0,40800.0,-2925.10855981894,1450,800
50,76500.0,40800.0,-3953.1304383956667,1500,800
51,79050.0,40800.0,-4959.133672213881,1550,800
52,81600.0,40800.0,-5956.405763665811,1600,800
53,84150.0,40800.0,-5576.952014716429,1650,800
54,86700.0,40800.0,-5782.29885236567,1700,800
55,89250.0,40800.0,-3160.6720506998736,1750,800
56,91800.0,40800.0,-1323.2841309222877,1800,800
57,94350.0,40800.0,119.61695396046889,1850,800
58,96900.0,40800.0,817.6633484413014,1900,800
59,99450.0,40800.0,189.19952594420647,1950,800
60,51000.0,43350.0,8154.540199189803,1000,850
61,53550.0,43350.0,7341.029471916754,1050,850
62,56100.0,43350.0,5985.605340171733,1100,850
63,58650.0,43350.0,4924.185202872217,1150,850
64,61200.0,43350.0,4221.280410817137,1200,850
65,63750.0,43350.0,2517.016884040817,1250,850
66,66300.0,43350.0,1137.975780724697,1300,850
67,68850.0,43350.0,-435.04436981029903,1350,850
68,71400.0,43350.0,-1720.8386354359009,1400,850
69,73950.0,43350.0,-3211.126294535092,1450,850
70,76500.0,43350.0,-4321.943006817381,1500,850
71,79050.0,43350.0,-5953.774489935334,1550,850
72,81600.0,43350.0,-6085.545625736162,1600,850
73,84150.0,43350.0,-5683.817413748919,1650,850
74,86700.0,43350.0,-5936.4605368101165,1700,850
75,89250.0,43350.0,-3889.86808272533,1750,850
76,91800.0,43350.0,-1298.1086026072371,1800,850
77,94350.0,43350.0,-291.10466787273253,1850,850
78,96900.0,43350.0,-1335.756884340777,1900,850
79,99450.0,43350.0,-1373.7706207591036,1950,850
80,51000.0,45900.0,8195.82797963715,1000,900
81,53550.0,45900.0,7293.95890851599,1050,900
82,56100.0,45900.0,6008.031359417109,1100,900
83,58650.0,45900.0,4789.433461656921,1150,900
84,61200.0,45900.0,3663.6975993015003,1200,900
85,63750.0,45900.0,2052.9517766291283,1250,900
86,66300.0,45900.0,771.1065713326807,1300,900
87,68850.0,45900.0,-1026.2210657917622,1350,900
88,71400.0,45900.0,-2383.4144281578465,1400,900
89,73950.0,45900.0,-3632.228979149728,1450,900
90,76500.0,45900.0,-4870.245419072829,1500,900
91,79050.0,45900.0,-5802.08069947993,1550,900
92,81600.0,45900.0,-6313.384049500698,1600,900
93,84150.0,45900.0,-5777.241604448229,1650,900
94,86700.0,45900.0,-6000.488197585069,1700,900
95,89250.0,45900.0,-3528.1926293241904,1750,900
96,91800.0,45900.0,-1328.9185822683503,1800,900
97,94350.0,45900.0,-2669.591243148552,1850,900
98,96900.0,45900.0,-3328.377055815896,1900,900
99,99450.0,45900.0,-2397.0372889666996,1950,900
100,51000.0,48450.0,7988.888189508918,1000,950
101,53550.0,48450.0,6999.87537393321,1050,950
102,56100.0,48450.0,5707.717897325405,1100,950
103,58650.0,48450.0,4580.245050350521,1150,950
104,61200.0,48450.0,3394.273657008189,1200,950
105,63750.0,48450.0,1950.688956891534,1250,950
106,66300.0,48450.0,642.1333136039248,1300,950
107,68850.0,48450.0,-948.4931538041201,1350,950
108,71400.0,48450.0,-1824.8147927251212,1400,950
109,73950.0,48450.0,-2137.474173962357,1450,950
110,76500.0,48450.0,-4261.494652219917,1500,950
111,79050.0,48450.0,-6080.061655730894,1550,950
112,81600.0,48450.0,-6496.157611163927,1600,950
113,84150.0,48450.0,-5896.2605214833775,1650,950
114,86700.0,48450.0,-6091.921735119002,1700,950
115,89250.0,48450.0,-3954.8545246144913,1750,950
116,91800.0,48450.0,-3383.8251304320765,1800,950
117,94350.0,48450.0,-4663.714078298185,1850,950
118,96900.0,48450.0,-2648.0853098154676,1900,950
119,99450.0,48450.0,-914.2006059703144,1950,950
120,51000.0,51000.0,7906.93390157837,1000,1000
121,53550.0,51000.0,7167.606175850509,1050,1000
122,56100.0,51000.0,5849.176806873293,1100,1000
123,58650.0,51000.0,4639.405714617467,1150,1000
124,61200.0,51000.0,3371.9938196367275,1200,1000
125,63750.0,51000.0,2258.0019510636575,1250,1000
126,66300.0,51000.0,1208.9986741131906,1300,1000
127,68850.0,51000.0,137.52638324854706,1350,1000
128,71400.0,51000.0,-524.6409601198102,1400,1000
129,73950.0,51000.0,-1196.1187990165145,1450,1000
130,76500.0,51000.0,-4032.5716879349347,1500,1000
131,79050.0,51000.0,-5894.188178447283,1550,1000
132,81600.0,51000.0,-6632.953748880597,1600,1000
133,84150.0,51000.0,-6350.053127652348,1650,1000
134,86700.0,51000.0,-6138.85041611273,1700,1000
135,89250.0,51000.0,-4558.112722528376,1750,1000
136,91800.0,51000.0,-5009.390140572626,1800,1000
137,94350.0,51000.0,-3833.171012980547,1850,1000
138,96900.0,51000.0,-2615.78556488048,1900,1000
139,99450.0,51000.0,-1236.0565468635832,1950,1000
140,51000.0,53550.0,8099.924071414876,1000,1050
141,53550.0,53550.0,7204.377366340559,1050,1050
142,56100.0,53550.0,6194.408949192384,1100,1050
143,58650.0,53550.0,5079.739914585738,1150,1050
144,61200.0,53550.0,3801.79647548277,1200,1050
145,63750.0,53550.0,2855.589152163,1250,1050
146,66300.0,53550.0,2001.9643989008055,1300,1050
147,68850.0,53550.0,1373.8402342872214,1350,1050
148,71400.0,53550.0,888.3186374115649,1400,1050
149,73950.0,53550.0,-1632.0374464991655,1450,1050
150,76500.0,53550.0,-3916.1958681641845,1500,1050
151,79050.0,53550.0,-5629.431307452064,1550,1050
152,81600.0,53550.0,-6744.431401008462,1600,1050
153,84150.0,53550.0,-6583.667885169983,1650,1050
154,86700.0,53550.0,-6171.484444597627,1700,1050
155,89250.0,53550.0,-6457.931051135045,1750,1050
156,91800.0,53550.0,-5904.062979003613,1800,1050
157,94350.0,53550.0,-4196.34483058932,1850,1050
158,96900.0,53550.0,-3400.01262323477,1900,1050
159,99450.0,53550.0,-2539.9859637884565,1950,1050
160,51000.0,56100.0,8288.601875970882,1000,1100
161,53550.0,56100.0,7556.480056733675,1050,1100
162,56100.0,56100.0,6651.844278675322,1100,1100
163,58650.0,56100.0,5617.661264059752,1150,1100
164,61200.0,56100.0,4461.779689676157,1200,1100
165,63750.0,56100.0,3756.312415360677,1250,1100
166,66300.0,56100.0,3513.637606260447,1300,1100
167,68850.0,56100.0,3127.8421436632634,1350,1100
168,71400.0,56100.0,927.3599464141807,1400,1100
169,73950.0,56100.0,-1264.2202046601396,1450,1100
170,76500.0,56100.0,-3846.7852748556397,1500,1100
171,79050.0,56100.0,-5082.700350341207,1550,1100
172,81600.0,56100.0,-6671.811255674099,1600,1100
173,84150.0,56100.0,-6857.421390611319,1650,1100
174,86700.0,56100.0,-6215.120808828099,1700,1100
175,89250.0,56100.0,-6368.213000886179,1750,1100
176,91800.0,56100.0,-6724.977388243792,1800,1100
177,94350.0,56100.0,-5662.745726570699,1850,1100
178,96900.0,56100.0,-4660.160568921976,1900,1100
179,99450.0,56100.0,-4597.115336329072,1950,1100
180,51000.0,58650.0,8886.350307078217,1000,1150
181,53550.0,58650.0,8309.976675564129,1050,1150
182,56100.0,58650.0,6920.264295452187,1100,1150
183,58650.0,58650.0,6527.18123649363,1150,1150
184,61200.0,58650.0,5856.26017855787,1200,1150
185,63750.0,58650.0,5888.263260278145,1250,1150
186,66300.0,58650.0,4799.73283456764,1300,1150
187,68850.0,58650.0,2810.8446003442423,1350,1150
188,71400.0,58650.0,1029.9344775005648,1400,1150
189,73950.0,58650.0,-751.8484371197246,1450,1150
190,76500.0,58650.0,-3385.3363930403502,1500,1150
191,79050.0,58650.0,-4548.888216337626,1550,1150
192,81600.0,58650.0,-5728.652254372153,1600,1150
193,84150.0,58650.0,-6706.463883859093,1650,1150
194,86700.0,58650.0,-6967.234074189956,1700,1150
195,89250.0,58650.0,-7136.707235060322,1750,1150
196,91800.0,58650.0,-7158.795746155629,1800,1150
197,94350.0,58650.0,-7368.472146952895,1850,1150
198,96900.0,58650.0,-7203.287704295194,1900,1150
199,99450.0,58650.0,-6229.898076494195,1950,1150
200,51000.0,61200.0,8731.735028877945,1000,1200
201,53550.0,61200.0,9002.085506283867,1050,1200
202,56100.0,61200.0,7659.622117448202,1100,1200
203,58650.0,61200.0,6948.172134969391,1150,1200
204,61200.0,61200.0,6076.751888291434,1200,1200
205,63750.0,61200.0,4965.4858817202,1250,1200
206,66300.0,61200.0,3386.042327666688,1300,1200
207,68850.0,61200.0,747.9259956498881,1350,1200
208,71400.0,61200.0,-3.571371081428879,1400,1200
209,73950.0,61200.0,-2231.6647446330044,1450,1200
210,76500.0,61200.0,-4130.737115736018,1500,1200
211,79050.0,61200.0,-4997.13988456517,1550,1200
212,81600.0,61200.0,-5000.6751212071395,1600,1200
213,84150.0,61200.0,-5969.750233994193,1650,1200
214,86700.0,61200.0,-6937.655891789923,1700,1200
215,89250.0,61200.0,-6559.930528526247,1750,1200
216,91800.0,61200.0,-6494.13256226351,1800,1200
217,94350.0,61200.0,-7414.075517280905,1850,1200
218,96900.0,61200.0,-7566.607703777881,1900,1200
219,99450.0,61200.0,-6367.602476589238,1950,1200
220,51000.0,63750.0,7321.39810614329,1000,1250
221,53550.0,63750.0,8345.99975881708,1050,1250
222,56100.0,63750.0,7116.453268647314,1100,1250
223,58650.0,63750.0,5797.275792433,1150,1250
224,61200.0,63750.0,3928.8951656519057,1200,1250
225,63750.0,63750.0,3343.5743435608183,1250,1250
226,66300.0,63750.0,2111.966259022158,1300,1250
227,68850.0,63750.0,-909.0756414495154,1350,1250
228,71400.0,63750.0,-2400.2253436581195,1400,1250
229,73950.0,63750.0,-3314.7348474060836,1450,1250
230,76500.0,63750.0,-4993.065064829778,1500,1250
231,79050.0,63750.0,-5010.7047025711445,1550,1250
232,81600.0,63750.0,-4535.792040221557,1600,1250
233,84150.0,63750.0,-5787.4238168864695,1650,1250
234,86700.0,63750.0,-6929.549246987937,1700,1250
235,89250.0,63750.0,-6805.5440232388655,1750,1250
236,91800.0,63750.0,-6643.257421258194,1800,1250
237,94350.0,63750.0,-6834.881435493626,1850,1250
238,96900.0,63750.0,-7046.591484125067,1900,1250
239,99450.0,63750.0,-7585.49633664785,1950,1250
240,51000.0,66300.0,6591.830170232726,1000,1300
241,53550.0,66300.0,7532.682507553622,1050,1300
242,56100.0,66300.0,6278.4463288262305,1100,1300
243,58650.0,66300.0,4915.394942836334,1150,1300
244,61200.0,66300.0,4335.865502632423,1200,1300
245,63750.0,66300.0,2115.117768245098,1250,1300
246,66300.0,66300.0,582.8092695955456,1300,1300
247,68850.0,66300.0,-888.7219652402327,1350,1300
248,71400.0,66300.0,-3065.6753299892534,1400,1300
249,73950.0,66300.0,-3939.5247754543325,1450,1300
250,76500.0,66300.0,-4120.816095910728,1500,1300
251,79050.0,66300.0,-2630.500490276818,1550,1300
252,81600.0,66300.0,-1799.628515742872,1600,1300
253,84150.0,66300.0,-3150.8198223446634,1650,1300
254,86700.0,66300.0,-4090.487656540159,1700,1300
255,89250.0,66300.0,-4921.533759482741,1750,1300
256,91800.0,66300.0,-6821.704644373559,1800,1300
257,94350.0,66300.0,-6657.819715580297,1850,1300
258,96900.0,66300.0,-7063.1336829453485,1900,1300
259,99450.0,66300.0,-7606.977548046376,1950,1300
260,51000.0,68850.0,6216.839267904641,1000,1350
261,53550.0,68850.0,6683.084205024425,1050,1350
262,56100.0,68850.0,4821.737506058791,1100,1350
263,58650.0,68850.0,3985.7448664709227,1150,1350
264,61200.0,68850.0,1853.0910587185936,1200,1350
265,63750.0,68850.0,2038.787182993412,1250,1350
266,66300.0,68850.0,292.1524101160194,1300,1350
267,68850.0,68850.0,-1960.288844376233,1350,1350
268,71400.0,68850.0,-2015.1091968279543,1400,1350
269,73950.0,68850.0,-1047.8215873962054,1450,1350
270,76500.0,68850.0,-897.9765676991428,1500,1350
271,79050.0,68850.0,-214.89016822680242,1550,1350
272,81600.0,68850.0,814.1915289358094,1600,1350
273,84150.0,68850.0,8.282259106359561,1650,1350
274,86700.0,68850.0,-858.4666168066215,1700,1350
275,89250.0,68850.0,-4305.239577989105,1750,1350
276,91800.0,68850.0,-6972.8233811337805,1800,1350
277,94350.0,68850.0,-6833.80764364038,1850,1350
278,96900.0,68850.0,-7441.540511709483,1900,1350
279,99450.0,68850.0,-7154.465108140885,1950,1350
280,51000.0,71400.0,6028.752640044619,1000,1400
281,53550.0,71400.0,5882.398787454011,1050,1400
282,56100.0,71400.0,3931.008353623358,1100,1400
283,58650.0,71400.0,2256.277864844831,1150,1400
284,61200.0,71400.0,648.0837757656591,1200,1400
285,63750.0,71400.0,-272.230008270124,1250,1400
286,66300.0,71400.0,-984.1701299732413,1300,1400
287,68850.0,71400.0,-741.1879089910999,1350,1400
288,71400.0,71400.0,757.2966837145541,1400,1400
289,73950.0,71400.0,1686.5447599266972,1450,1400
290,76500.0,71400.0,1960.0059016202013,1500,1400
291,79050.0,71400.0,2619.2388588430513,1550,1400
292,81600.0,71400.0,3124.1338534793795,1600,1400
293,84150.0,71400.0,477.23801009389535,1650,1400
294,86700.0,71400.0,-1439.2386029388108,1700,1400
295,89250.0,71400.0,-3608.826980922622,1750,1400
296,91800.0,71400.0,-7071.620830566202,1800,1400
297,94350.0,71400.0,-6943.540787081739,1850,1400
298,96900.0,71400.0,-7390.054395823097,1900,1400
299,99450.0,71400.0,-6561.494459603798,1950,1400
300,51000.0,73950.0,4133.81850581348,1000,1450
301,53550.0,73950.0,5430.873075197447,1050,1450
302,56100.0,73950.0,4519.852588822494,1100,1450
303,58650.0,73950.0,3785.447752672084,1150,1450
304,61200.0,73950.0,3555.61330140857,1200,1450
305,63750.0,73950.0,1832.283788753486,1250,1450
306,66300.0,73950.0,810.4165970152881,1300,1450
307,68850.0,73950.0,1646.5274719423505,1350,1450
308,71400.0,73950.0,2685.057247573468,1400,1450
309,73950.0,73950.0,3903.3993270543033,1450,1450
310,76500.0,73950.0,4592.019140401033,1500,1450
311,79050.0,73950.0,3862.793012107417,1550,1450
312,81600.0,73950.0,3063.827381288951,1600,1450
313,84150.0,73950.0,-363.5227382637422,1650,1450
314,86700.0,73950.0,-3186.3119214379494,1700,1450
315,89250.0,73950.0,-5686.238013602283,1750,1450
316,91800.0,73950.0,-7138.223872002194,1800,1450
317,94350.0,73950.0,-7074.284350298279,1850,1450
318,96900.0,73950.0,-7367.787456852276,1900,1450
319,99450.0,73950.0,-5870.160607789156,1950,1450
320,51000.0,76500.0,3429.3272104797306,1000,1500
321,53550.0,76500.0,5647.340483931461,1050,1500
322,56100.0,76500.0,6777.904647592968,1100,1500
323,58650.0,76500.0,5919.460191958446,1150,1500
324,61200.0,76500.0,3480.497315550445,1200,1500
325,63750.0,76500.0,2125.761098506204,1250,1500
326,66300.0,76500.0,2741.6575793134525,1300,1500
327,68850.0,76500.0,3227.2522671260667,1350,1500
328,71400.0,76500.0,4484.609858808239,1400,1500
329,73950.0,76500.0,5781.963241140358,1450,1500
330,76500.0,76500.0,3468.7425731008934,1500,1500
331,79050.0,76500.0,1660.296514625119,1550,1500
332,81600.0,76500.0,69.34543746764575,1600,1500
333,84150.0,76500.0,-383.1970987060049,1650,1500
334,86700.0,76500.0,-2279.9241106260506,1700,1500
335,89250.0,76500.0,-5400.304118490289,1750,1500
336,91800.0,76500.0,-7219.734239977398,1800,1500
337,94350.0,76500.0,-7185.401922074955,1850,1500
338,96900.0,76500.0,-7327.9442972765655,1900,1500
339,99450.0,76500.0,-5334.654483834907,1950,1500
340,51000.0,79050.0,5506.926344835381,1000,1550
341,53550.0,79050.0,5119.043491068027,1050,1550
342,56100.0,79050.0,5397.765030489045,1100,1550
343,58650.0,79050.0,5144.2426664509185,1150,1550
344,61200.0,79050.0,3661.9434168145162,1200,1550
345,63750.0,79050.0,4099.076663690728,1250,1550
346,66300.0,79050.0,4528.892217937413,1300,1550
347,68850.0,79050.0,4887.001263561702,1350,1550
348,71400.0,79050.0,6047.188754025483,1400,1550
349,73950.0,79050.0,6093.820771804501,1450,1550
350,76500.0,79050.0,3347.4696605539757,1500,1550
351,79050.0,79050.0,664.9161886003312,1550,1550
352,81600.0,79050.0,-1216.4552773582764,1600,1550
353,84150.0,79050.0,-3137.22920753741,1650,1550
354,86700.0,79050.0,-4067.9240543546257,1700,1550
355,89250.0,79050.0,-5774.871523330703,1750,1550
356,91800.0,79050.0,-7327.45738265242,1800,1550
357,94350.0,79050.0,-7285.747179584128,1850,1550
358,96900.0,79050.0,-7158.923655295305,1900,1550
359,99450.0,79050.0,-5121.066643043684,1950,1550
360,51000.0,81600.0,3875.7322576823717,1000,1600
361,53550.0,81600.0,3179.94093358003,1050,1600
362,56100.0,81600.0,4003.4414721484463,1100,1600
363,58650.0,81600.0,5699.96810827445,1150,1600
364,61200.0,81600.0,6016.344378629328,1200,1600
365,63750.0,81600.0,6592.89858775237,1250,1600
366,66300.0,81600.0,7208.302779601876,1300,1600
367,68850.0,81600.0,7328.975916519052,1350,1600
368,71400.0,81600.0,7237.14360343201,1400,1600
369,73950.0,81600.0,5650.365158881446,1450,1600
370,76500.0,81600.0,4403.345635311907,1500,1600
371,79050.0,81600.0,2779.0650909017186,1550,1600
372,81600.0,81600.0,896.7326940954626,1600,1600
373,84150.0,81600.0,-1054.2578893153623,1650,1600
374,86700.0,81600.0,-3991.780495912213,1700,1600
375,89250.0,81600.0,-6514.845243957261,1750,1600
376,91800.0,81600.0,-7444.010555431966,1800,1600
377,94350.0,81600.0,-7393.887370546498,1850,1600
378,96900.0,81600.0,-7286.524308222664,1900,1600
379,99450.0,81600.0,-5300.770385354689,1950,1600
380,51000.0,84150.0,1451.2585846595139,1000,1650
381,53550.0,84150.0,2728.522707995464,1050,1650
382,56100.0,84150.0,4651.465719215488,1100,1650
383,58650.0,84150.0,6128.440079121174,1150,1650
384,61200.0,84150.0,7902.46675549019,1200,1650
385,63750.0,84150.0,8650.412762578737,1250,1650
386,66300.0,84150.0,8721.753816516339,1300,1650
387,68850.0,84150.0,7738.3066608166155,1350,1650
388,71400.0,84150.0,5987.013415574889,1400,1650
389,73950.0,84150.0,3580.563107712427,1450,1650
390,76500.0,84150.0,2598.4208402107433,1500,1650
391,79050.0,84150.0,1689.6640231480378,1550,1650
392,81600.0,84150.0,1466.3110182059227,1600,1650
393,84150.0,84150.0,135.33580487325708,1650,1650
394,86700.0,84150.0,-2880.998179364964,1700,1650
395,89250.0,84150.0,-6383.651311585055,1750,1650
396,91800.0,84150.0,-7609.888287124045,1800,1650
397,94350.0,84150.0,-7501.768518629355,1850,1650
398,96900.0,84150.0,-7642.838326424611,1900,1650
399,99450.0,84150.0,-5860.9060053302455,1950,1650
